"MargitAbenius","AVhiQo6bUc4E-N8JPwxO","0000 0000 7908 2539","Q4933592","0000 0000 7908 2539"
"EuphrosyneAbrahamson","AVSa7OunyLWGQ0YXKrQI","","Q4933632",""
"AlmaAbrahamsson","AV-6FkE-WxymAE2pjnq5","","Q50806808",""
"MariaAdelborg","AVUCXUjLoXI9ppygjor3","","Q4934185",""
"OttiliaAdelborg","AVUcFi7RyLWGQ0YXKrQe","0000 0001 1752 4191","Q4933819","0000 0001 1752 4191"
"GertrudAdelborg","AVUB3uB9oXI9ppygjor0","0000 0000 4761 5839","Q4933813","0000 0000 4761 5839"
"MariaAdlercreutz","AVw5N6pNi-B3PHNCX9W9","0000 0000 7055 8182","Q4933894","0000 0000 7055 8182"
"MaudAdlercreutz","AVnvyFyz7hONWjeN9oCy","0000 0000 5379 6189","Q50800586","0000 0000 5379 6189"
"SophieAdlersparre","AWD5PYQVWxymAE2pjnyG","0000 0000 8224 7859","Q4346827","0000 0000 8224 7859"
"SophieAdolphineAdlersparre","AWFwTD7ZjP4rR07fm3A2","0000 0000 6678 3790","Q531174","0000 0000 6678 3790"
"MarthaAdlerstrahle","AVciccjh7hONWjeN9n9W","","Q2739101",""
"EvaAdolfsson","AWARczoQjP4rR07fm2yG","0000 0000 8189 2194","Q4933929","0000 0000 8189 2194"
"GretaAdrian","AVUGpcXMoXI9ppygjosA","","Q4933970",""
"MartaAfzelius","AVgA6mil7hONWjeN9n-K","0000 0000 5132 644X","Q4933996","0000 0000 5132 644X"
"AnnaBrittAgnsater","AVs-ixK7i-B3PHNCX9TC","0000 0001 0676 5547","Q4934364","0000 0001 0676 5547"
"AlfhildAgrell","AWDAI4UfjP4rR07fm22E","0000 0000 5393 1280","Q469339","0000 0000 5393 1280"
"AnnaAgriconia","AWFWBpgujP4rR07fm275","","Q2578595",""
"LeaAhlborn","AVUcbXs_yLWGQ0YXKrQf","0000 0000 5326 3104","Q434685","0000 0000 5326 3104"
"CatharinaAhlgren","AVztb5Ra6HF5HgpJZ2zV","0000 0003 8541 0465","Q4934495","0000 0003 8541 0465"
"AnnaAhlstrom","AVoTV1Z87hONWjeN9oDE","0000 0000 9107 4953","Q4934561","0000 0000 9107 4953"
"AstridAhnfelt","AVl9zKZ-Ee-TgdtVqW_H","0000 0001 2031 0645","Q750520","0000 0001 2031 0645"
"ErikaAittamaa","AWC2mncEWxymAE2pjnwO","","Q4934659",""
"LissiAlandh","AVdBRz1q7hONWjeN9n9x","0000 0000 4685 9698","Q4934729","0000 0000 4685 9698"
"EvaAlexanderson","AV9xrXodjP4rR07fm2rP","0000 0000 5482 0937","Q4934869","0000 0000 5482 0937"
"VeraAlexandrova","AWGdwbcXWxymAE2pjn59","","Q50804848",""
"AnneMarieAlfvenEriksson","AVcojQbf7hONWjeN9n9Y","0000 0000 5181 526X","Q4934997","0000 0000 5181 526X"
"KarinAlin","AWFBy-K-WxymAE2pjn0o","0000 0000 5196 7343","Q4986671","0000 0000 5196 7343"
"JulieAlixdelaFaye","AWEdxaRbjP4rR07fm25S","","Q3189176",""
"AnnastinaAlkman","AVUcwSmlyLWGQ0YXKrQg","0000 0000 5366 7571","Q4935076","0000 0000 5366 7571"
"InaAlmen","AV5RO3MZi-B3PHNCX9ad","","Q50808049",""
"RuthAlmen","AWC3E14cWxymAE2pjnwP","0000 0000 5376 3766","Q4935182","0000 0000 5376 3766"
"SofiAlmquist","AVrXPe056HF5HgpJZ2vH","0000 0000 5191 476X","Q4935223","0000 0000 5191 476X"
"EsterAlmqvist","AV2XbkHzi-B3PHNCX9Ys","0000 0000 6683 0200","Q4935234","0000 0000 6683 0200"
"IngridMargaretaAlmqvist","AWF1TM4ZWxymAE2pjn3b","","Q16157512",""
"MargitAlthin","AVs-ViX5i-B3PHNCX9S-","0000 0000 1926 1615","Q20906972","0000 0000 1926 1615"
"FannyAlving","AVcoLsPRUc4E-N8JPwtc","0000 0000 7735 6540","Q4935357","0000 0000 7735 6540"
"BarbroAlvingBang","AVe9fssNUc4E-N8JPwvM","0000 0000 5075 6966","Q4568363","0000 0000 5075 6966"
"ElinAmeen","AV8kB-bXWxymAE2pjnmX","0000 0000 5188 4820","Q4935442","0000 0000 5188 4820"
"EvaAnden","AVi58llwMD1g8sBr_Km_","","Q4935571",""
"AstridAnderberg","AV0W3wwh6HF5HgpJZ20F","0000 0003 8377 8151","Q4959409","0000 0003 8377 8151"
"AnnaLisaAndersson","AViCQI2W7hONWjeN9oAV","","Q19966865",""
"EbonAndersson","AWDAxQSWjP4rR07fm22J","","Q4935783",""
"ElsaAndersson","AV94VQ3sjP4rR07fm2r4","0000 0000 5381 8114","Q467306","0000 0000 5381 8114"
"HeddaAndersson","AVjKJG0OEe-TgdtVqW-h","","Q4793761",""
"IngridAndersson","AWFwaEInjP4rR07fm3A5","0000 0000 5288 0311","Q4935813","0000 0000 5288 0311"
"KarinAndersson","AVj4PBfkEe-TgdtVqW-2","0000 0000 5195 1253","Q1727737","0000 0000 5195 1253"
"KajAndersson","AVconKFWUc4E-N8JPwtd","0000 0000 5392 9607","Q4935831","0000 0000 5392 9607"
"MariaAndersson","AWEJWGQqjP4rR07fm24z","","Q50808550",""
"BritaLenaAndersson","AWFwCh9lWxymAE2pjn2y","","Q4935769",""
"MajaAnderssonWirde","AVxYQ0gEi-B3PHNCX9XN","","Q4935735",""
"KimAnderzon","AVygl56J6HF5HgpJZ2zD","0000 0001 3266 2090","Q2498137","0000 0001 3266 2090"
"ElfridaAndree","AWEdrqOsWxymAE2pjnzp","0000 0000 8149 1067","Q451495","0000 0000 8149 1067"
"AndreaAndreen","AWEi34BXjP4rR07fm25p","0000 0004 4460 6688","Q4065792","0000 0004 4460 6688"
"KarinAndren","AV2nIIC1i-B3PHNCX9Yv","","Q50804743",""
"HilmaAngeredStrandberg","AVjykEuE7hONWjeN9oBc","0000 0000 5199 8991","Q462700","0000 0000 5199 8991"
"MariaAnholm","AVhto7DYUc4E-N8JPwxk","0000 0000 5482 3054","Q50809980","0000 0000 5482 3054"
"Annaprinsessa","AVcyXHtDUc4E-N8JPwtz","0000 0000 7996 3037","Q469783","0000 0000 7996 3037"
"AnnaTaskomakare","AV85BCfrWxymAE2pjnnd","","Q50377582",""
"EdithAnrep","AVseyfvk6HF5HgpJZ2vR","0000 0000 5318 1934","Q5338493","0000 0000 5318 1934"
"ElisabethAnrepNordin","AV5bbyl2DqWJ2eBq92oZ","","Q988871",""
"SivArb","AWD5YZ3VWxymAE2pjnyH","0000 0000 5487 8039","Q4936366","0000 0000 5487 8039"
"DagnyArbman","AVsZgAAk6HF5HgpJZ2vO","0000 0003 5648 3999","Q22696870","0000 0003 5648 3999"
"UlricaArfvidsson","AV94XHvsjP4rR07fm2r5","","Q4382625",""
"StinaAronson","AVeuYCSNUc4E-N8JPwvC","0000 0000 8136 2230","Q517360","0000 0000 8136 2230"
"AgnesArvidson","AV94boeJjP4rR07fm2r8","","Q4693008",""
"GretaArwidsson","AWD5hG2lWxymAE2pjnyJ","0000 0001 0920 151X","Q4936707","0000 0001 0920 151X"
"IngegerdAschan","AV_Jg9BEjP4rR07fm2v5","","Q19976215",""
"EivorAsklin","AVlpZtB-7hONWjeN9oBy","","Q50810165",""
"LisAsklund","AWEOFgXeWxymAE2pjnzX","0000 0000 7861 1128","Q4987085","0000 0000 7861 1128"
"MariaAspman","AV8zltQSWxymAE2pjnnI","","Q50804749",""
"ValborgAulin","AV1-BtI5i-B3PHNCX9Yr","0000 0000 5563 6517","Q451402","0000 0000 5563 6517"
"JuliaAurelius","AWGzGlVXjP4rR07fm3NN","","Q50804708",""
"SunAxelsson","AVUsfRsmoXI9ppygjosx","0000 0000 5266 6841","Q3297041","0000 0000 5266 6841"
"BarbroBackberger","AV_JqPQPjP4rR07fm2v6","0000 0000 5058 9686","Q4937165","0000 0000 5058 9686"
"LouisevonBahr","AV94gSCijP4rR07fm2r9","","Q50808494",""
"ElisabethvonBahr","AV9NTXAnjP4rR07fm2px","","Q50804780",""
"EvaVilhelminaJuliavonBahr","AWFREZJ1WxymAE2pjn1Q","0000 0000 5619 137X","Q10492595","0000 0000 5619 137X"
"VivicaBandler","AV4YJNBUi-B3PHNCX9aA","0000 0000 6647 2482","Q4412285","0000 0000 6647 2482"
"AnnaBaner","AVmHdXCT7hONWjeN9oB2","","Q22670927",""
"SigridBaner","AVmIDh33Ee-TgdtVqW_V","","Q4937425",""
"BritaElisabetGabriellaBarnekow","AWGZGXIJjP4rR07fm3IR","","Q22690103",""
"JeannaBauck","AWF0_Cp4WxymAE2pjn3T","","Q19422204",""
"AnnikaBaude","AWFGPGYWjP4rR07fm26r","0000 0000 5196 8223","Q16158243","0000 0000 5196 8223"
"SallyBauer","AVctX_6c7hONWjeN9n9u","0000 0001 1473 0272","Q4937741","0000 0001 1473 0272"
"JuliaBeck","AVdCafuDUc4E-N8JPwt9","0000 0000 9740 1804","Q4937863","0000 0000 9740 1804"
"GunnelBeckman","AWA1eKKBWxymAE2pjnuY","0000 0000 6316 5719","Q521578","0000 0000 6316 5719"
"KajBeckman","AV5hRNAqDqWJ2eBq92of","0000 0000 8393 3180","Q4937885","0000 0000 8393 3180"
"AnnaBehle","AVf7VhhN7hONWjeN9n-C","","Q4937924",""
"DisaBeijer","AV2r-d3C6HF5HgpJZ20k","","Q50810977",""
"SynnoveBellander","AWDffAo3WxymAE2pjnxf","","Q4938010",""
"NannaBendixson","AV6ZGxzijP4rR07fm2iO","0000 0003 5893 9267","Q15728524","0000 0003 5893 9267"
"CarolinaBenedicksBruce","AV5MCORri-B3PHNCX9aV","","Q4938072",""
"VictoriaBenedictsson","AV-6FMOZjP4rR07fm2ur","0000 0004 5875 6214","Q273950","0000 0004 5875 6214"
"HerthaBengtson","AVi6XnOOMD1g8sBr_KnA","0000 0001 2023 7986","Q4938101","0000 0001 2023 7986"
"ElsaBengtsson","AWAHU6qFWxymAE2pjns2","","Q50841810",""
"MartaBerendes","AWAMuIWYjP4rR07fm2yA","","Q15221084",""
"AinaBerg","AV98GELGjP4rR07fm2sO","","Q1810888",""
"GunhildBergh","AWAHasAxjP4rR07fm2x1","0000 0000 5179 9757","Q4938464","0000 0000 5179 9757"
"JeanetteBerglind","AV6eUwOiWxymAE2pjnls","","Q4938498",""
"LilyBerglund","AWG-NGKEWxymAE2pjn7z","","Q4938524",""
"EllenBergman","AV-6EOS1jP4rR07fm2up","0000 0000 5200 1268","Q4938547","0000 0000 5200 1268"
"GunBergman","AWAHf36EjP4rR07fm2x5","0000 0000 6789 5225","Q15695053","0000 0000 6789 5225"
"IngridBergman","AVylZNku6HF5HgpJZ2zE","0000 0001 1028 7904","Q43247","0000 0001 1028 7904"
"SigneBergman","AVggKLuE7hONWjeN9n-3","","Q4938592",""
"AstridBergmanSucksdorff","AWFVqiKcWxymAE2pjn1V","0000 0004 5302 3783","Q4938604","0000 0004 5302 3783"
"MartinaBergmanOsterberg","AWGKdRO5jP4rR07fm3FL","","Q4991163",""
"BirgittaBergquist","AWDkQyF2jP4rR07fm23Q","0000 0000 8343 5050","Q48628201","0000 0000 8343 5050"
"GertrudBergstrom","AV-0gi4xWxymAE2pjnqY","","Q4938677",""
"GretaBergstrom","AV4ntxcADqWJ2eBq92nW","","Q50818781",""
"GunvorBergstrom","AV99MRLCjP4rR07fm2sZ","0000 0000 2467 4473","Q50809182","0000 0000 2467 4473"
"MajBrihtBergstromWalan","AV93ZNFPWxymAE2pjnom","0000 0000 5537 8765","Q4938714","0000 0000 5537 8765"
"SonjaIngeborgBergvall","AWGZ6Z26WxymAE2pjn5x","0000 0000 6431 7438","Q4938729","0000 0000 6431 7438"
"BeritBergvonLinde","AVmshUyV7hONWjeN9oCC","","Q50804551",""
"AnnaCatharinaBerlin","AVjYoG_u7hONWjeN9oBS","","Q50804735",""
"CharlotteBerlin","AVjyTW457hONWjeN9oBb","","Q50377584",""
"EbbaHenrietteBernadotte","AWEx2HjFWxymAE2pjn0T","","Q4346031",""
"ThoryBernhards","AWG-RSdzjP4rR07fm3Pg","","Q4938800",""
"ElsaBeskow","AWAxd9uTWxymAE2pjnuU","0000 0001 2037 3398","Q466623","0000 0001 2037 3398"
"MajaBeskow","AWBKyrl8jP4rR07fm20O","","Q28025652",""
"EvaBillow","AWFrgje9WxymAE2pjn2V","0000 0000 5326 8335","Q4939045","0000 0000 5326 8335"
"UllaBillquist","AWD98H6kWxymAE2pjnyU","0000 0000 5946 1339","Q4086733","0000 0000 5946 1339"
"WivecaBillquist","AVs-yfwj6HF5HgpJZ2vZ","","Q4987511",""
"BirgittaBirgersdotter","AViMBz8Y7hONWjeN9oAm","0000 0001 2101 2842","Q204996","0000 0001 2101 2842"
"UllaBjerne","AVyBTdd16HF5HgpJZ2yv","0000 0000 8018 3345","Q4939194","0000 0000 8018 3345"
"HildegardBjorck","AVjUPRRyEe-TgdtVqW-o","","Q14916433",""
"AnitaBjork","AVyvr8gm6HF5HgpJZ2zF","0000 0000 7839 5584","Q237766","0000 0000 7839 5584"
"OlgaBjorkegren","AVyMGwDCi-B3PHNCX9Xt","","Q4939281",""
"ElsaBjorkmanGoldschmidt","AV9IPA8OjP4rR07fm2pp","0000 0000 8380 2826","Q4939322","0000 0000 8380 2826"
"IngridBjornberg","AWEx7by5jP4rR07fm26L","","Q4939369",""
"SigneBjornbergSiggeStark","AVfc-OEl7hONWjeN9n94","0000 0000 5336 2006","Q4939373","0000 0000 5336 2006"
"MartaBjornbom","AVtCTcUz6HF5HgpJZ2vb","","Q50804431",""
"EllenSylviaBlind","AWFrV24CjP4rR07fm2_v","0000 0000 5484 0970","Q50368933","0000 0000 5484 0970"
"BirgittaBlom","AVhyzDGB7hONWjeN9n_7","0000 0000 5114 5120","Q4939571","0000 0000 5114 5120"
"SigridBlomberg","AVxY6ezE6HF5HgpJZ2yh","","Q4939597",""
"FannyBlomberg","AWC3HTgoWxymAE2pjnwQ","","Q4939591",""
"CarinMargaretaBoalt","AWFmwOXUjP4rR07fm2-s","0000 0000 6731 2448","Q4939679","0000 0000 6731 2448"
"AnnaBoberg","AVhoxVn-7hONWjeN9n_k","0000 0000 6675 0294","Q4939691","0000 0000 6675 0294"
"UllaBodorff","AVvr0Tkli-B3PHNCX9Vz","","Q4939748",""
"MonicaBoethius","AVnv9IqMEe-TgdtVqXAZ","0000 0000 8452 7029","Q4939770","0000 0000 8452 7029"
"GerdaBoethius","AWD-Cc7vWxymAE2pjnyW","","Q4939762","0000 0000 7821 1378"
"EzalineBoheman","AVmtHLad7hONWjeN9oCD","0000 0003 7112 6930","Q19976305","0000 0003 7112 6930"
"SophieBolander","AV98JhrQjP4rR07fm2sP","","Q13422290",""
"EsterBoman","AVs9gl_w6HF5HgpJZ2vT","","Q19976321",""
"MartaBoman","AWD-EP3qjP4rR07fm238","","Q4939940",""
"EvaBonnier","AVjzEYHX7hONWjeN9oBd","0000 0000 6656 8310","Q454670","0000 0000 6656 8310"
"JeanetteBonnier","AV56XUfvDqWJ2eBq92ox","","Q4940016",""
"AliceBonthron","AV-6EpBcjP4rR07fm2uq","","Q19365509",""
"HilmaBorelius","AWD-GpCnWxymAE2pjnyX","0000 0001 1438 9481","Q4940074","0000 0001 1438 9481"
"BritaKerstinGunvorBorg","AWG-XE1HWxymAE2pjn73","0000 0000 6077 8341","Q264668","0000 0000 6077 8341"
"ElsaBorg","AVcx_oHn7hONWjeN9n9w","","Q4940090",""
"HildaBorgstrom","AWEyIUmKjP4rR07fm26O","0000 0003 5630 3409","Q3135582","0000 0003 5630 3409"
"HarrietBosse","AWD-LS3tjP4rR07fm239","0000 0000 8210 7880","Q1807081","0000 0000 8210 7880"
"EbbaAugustaBostrom","AWHCGqhGjP4rR07fm3Qm","0000 0000 6127 5391","Q4940209","0000 0000 6127 5391"
"KarinBoye","AVezw-ls7hONWjeN9n93","0000 0001 1071 4355","Q237413","0000 0001 1071 4355"
"AlmaBraathen","AWEdXpMJWxymAE2pjnzk","","Q20749150","0000 0004 4021 2710"
"MajaBraathen","AWEixC5CjP4rR07fm25m","","Q18237847",""
"EvaBrag","AWEN2G0zjP4rR07fm244","0000 0003 8429 8547","Q4940356","0000 0003 8429 8547"
"EbbaBrahe","AV2m3d-ni-B3PHNCX9Yu","0000 0000 5337 0508","Q452243","0000 0000 5337 0508"
"MargaretaBrahe","AV2iDCNK6HF5HgpJZ20e","","Q526343",""
"SigridBrahe","AV2hvKqR6HF5HgpJZ20d","","Q4940370",""
"RuthBrandberg","AWBFByqJjP4rR07fm2z3","","Q50822154",""
"ElinBrandell","AVey2rFTUc4E-N8JPwvG","","Q4940406",""
"IdaBrander","AWANShmuWxymAE2pjntB","","Q4987712",""
"AgnesBranting","AVhonIsVUc4E-N8JPwxb","0000 0000 8086 8272","Q4940450","0000 0000 8086 8272"
"AnnaBranting","AV-6Dv6sWxymAE2pjnq3","0000 0000 5367 0463","Q434056","0000 0000 5367 0463"
"SonjaBrantingWesterstahl","AVdHtqRO7hONWjeN9n91","0000 0000 5485 3894","Q45896660","0000 0000 5485 3894"
"FannyBrate","AWC7GEBTWxymAE2pjnwV","0000 0003 6801 5703","Q4244039","0000 0003 6801 5703"
"HannaBratt","AVulMB056HF5HgpJZ2wE","","Q16164621",""
"AmelievonBraun","AWA1k61TWxymAE2pjnub","","Q4940516",""
"AugustaBraunerhjelm","AV99S_acWxymAE2pjnpE","0000 0000 5302 9799","Q13426917","0000 0000 5302 9799"
"FredrikaBremer","AVcnn8Da7hONWjeN9n9X","0000 0001 2320 0572","Q262145","0000 0001 2320 0572"
"UlrikaFredrikaBremer","AVwalubu6HF5HgpJZ2x-","","Q14191246",""
"SophiaElisabetBrenner","AVdCiv8cUc4E-N8JPwt-","0000 0000 5152 688X","Q126270","0000 0000 5152 688X"
"JuliaBrinck","AV_tC4HujP4rR07fm2xU","","Q47067944",""
"MajBring","AWDU-zbSjP4rR07fm22p","","Q4940661",""
"RagnhildBrolinson","AV99VIkRWxymAE2pjnpF","","Q50926566",""
"CatharinaBroome","AVrMheKuEe-TgdtVqXA7","0000 0000 7903 6575","Q4940818","0000 0000 7903 6575"
"EmiliaBroome","AWHRJD_4WxymAE2pjn8w","0000 0000 5485 4387","Q4940821","0000 0000 5485 4387"
"IrjaBrowallius","AV51LUaKDqWJ2eBq92os","0000 0000 8270 0844","Q128421","0000 0000 8270 0844"
"IngridMonicaBruce","AWHRV592jP4rR07fm3Te","","Q50809181",""
"MariaChristinaBruhn","AV0NLTxC6HF5HgpJZ20A","","Q4940924",""
"EugenieBrummer","AVmsrynjEe-TgdtVqW_t","","Q16945153",""
"CelieBrunius","AVdB9ANwUc4E-N8JPwt1","0000 0000 5059 7555","Q19843500","0000 0000 5059 7555"
"AnnaSigneSofiaBrunnstrom","AWGKpM9hjP4rR07fm3FN","0000 0001 1769 2144","Q28869681","0000 0001 1769 2144"
"HilmaBruno","AWBVjqpDWxymAE2pjnvW","","Q4940991",""
"JohannaBrunsson","AWEJUQ3GjP4rR07fm24y","","Q18237907",""
"MarthaBrydolf","AV2ctse16HF5HgpJZ20c","","Q4941040",""
"MalvinaBrakenhielm","AV_JvPrMWxymAE2pjnrm","","Q4941084",""
"ElsaBrandstrom","AVi6xFGIMD1g8sBr_KnC","0000 0001 1036 5570","Q469673","0000 0001 1036 5570"
"MartaBucht","AV99boAJjP4rR07fm2sf","0000 0000 5202 5905","Q50368769","0000 0000 5202 5905"
"AnnaBuggeWicksell","AV4TPbWdDqWJ2eBq92nD","0000 0000 4863 6295","Q4766891","0000 0000 4863 6295"
"TorunBulowHube","AVqEcLJ37hONWjeN9oDW","0000 0000 5513 5886","Q458135","0000 0000 5513 5886"
"IdaBackmann","AVdGzU4lUc4E-N8JPwuM","0000 0000 5381 9555","Q4941461","0000 0000 5381 9555"
"BarbroAgnetaBackstrom","AWFqvQgeWxymAE2pjn2H","0000 0000 5384 6318","Q4941467","0000 0000 5384 6318"
"AgnesBorjesson","AWARflTvjP4rR07fm2yH","","Q4693023",""
"HedvigCarlander","AVxYtFlM6HF5HgpJZ2yd","","Q50377676",""
"EmanuellaCarlbeck","AV8kOQcmWxymAE2pjnmY","0000 0000 5182 4174","Q4941825","0000 0000 5182 4174"
"FriggaCarlberg","AVmx1XMd7hONWjeN9oCL","0000 0000 5555 6365","Q4941831","0000 0000 5555 6365"
"RosaCarlen","AVe0D4b1Uc4E-N8JPwvJ","0000 0000 5179 6142","Q4941859","0000 0000 5179 6142"
"MajaCarlquist","AVf7wPnXUc4E-N8JPwwB","","Q4941884",""
"JuneCarlsson","AV01_9Dr6HF5HgpJZ20X","","Q4941958",""
"SickanCarlsson","AV93bU1EjP4rR07fm2rn","0000 0000 5193 8083","Q4941990","0000 0000 5193 8083"
"AnnaCasparsson","AWFlXoRTWxymAE2pjn1m","0000 0000 5441 4445","Q4942160","0000 0000 5441 4445"
"Ceciliaprinsessa","AVnbMbRZEe-TgdtVqXAQ","0000 0000 6689 217X","Q271940","0000 0000 6689 217X"
"ElinCederblom","AWHReUImjP4rR07fm3Th","0000 0000 5172 6371","Q4942361","0000 0000 5172 6371"
"ElsaCedergren","AVw5431Zi-B3PHNCX9XE","0000 0000 5266 6251","Q4942382","0000 0000 5266 6251"
"AnnaMariaMarieCederschiold","AWFlfxwKWxymAE2pjn1o","","Q4942409",""
"MariaCederschiold","AWANa6jWjP4rR07fm2yB","0000 0000 5378 2668","Q4942412","0000 0000 5378 2668"
"AnnaChristensen","AWDVDihYWxymAE2pjnxA","0000 0000 5455 8959","Q4942811","0000 0000 5455 8959"
"EsterClaesson","AWBErwBLWxymAE2pjnuu","0000 0000 7889 6506","Q20871860","0000 0000 7889 6506"
"AgnesCleve","AWFv0BexWxymAE2pjn2t","0000 0000 5200 1508","Q4943098","0000 0000 5200 1508"
"AstridCleve","AWHRjs_uWxymAE2pjn83","0000 0000 8176 9567","Q4811427","0000 0000 8176 9567"
"MariaCollin","AWDVTUFVWxymAE2pjnxG","","Q50804757",""
"ElsaCollin","AWD-P5q_jP4rR07fm23-","","Q17351645",""
"CatherinedeSienneCottin","AVrM-Uk9i-B3PHNCX9Ru","","Q50825442",""
"HenrietteCoyet","AVdBn-rtUc4E-N8JPwt0","","Q4943536",""
"ElisabethCronstrom","AWFldxf7jP4rR07fm2-i","","Q50512407",""
"BirgitCullberg","AWGJpgCqjP4rR07fm3FC","0000 0000 7998 4428","Q435063","0000 0000 7998 4428"
"CallaCurman","AVTpwfB_yLWGQ0YXKrQX","","Q4943780",""
"ToraDahl","AVclCPyIUc4E-N8JPwtb","0000 0001 1072 1248","Q4943930","0000 0001 1072 1248"
"EvaElisabethDahlbeck","AWGuJLZCjP4rR07fm3ME","0000 0001 1459 6958","Q239881","0000 0001 1459 6958"
"ElsieDahlberg","AWG8o62mjP4rR07fm3PN","","Q4943958",""
"SiriDahlquist","AWBE8QLojP4rR07fm2z1","0000 0000 5181 7185","Q4944048","0000 0000 5181 7185"
"AnnaDahlstromNilsson","AVgAAdZl7hONWjeN9n-I","0000 0003 9282 2265","Q15845399","0000 0003 9282 2265"
"CharlottadAlbedyhll","AV8pBwFFWxymAE2pjnmh","0000 0000 5179 8615","Q4944091","0000 0000 5179 8615"
"KataDalstrom","AViBV5BDUc4E-N8JPwxq","0000 0001 2099 9841","Q3844486","0000 0001 2099 9841"
"ElmaDanielsson","AVugYqzYi-B3PHNCX9VF","","Q4944184",""
"AgnesdeFrumerie","AVrRXkGg6HF5HgpJZ2vD","0000 0000 5557 7473","Q2827030","0000 0000 5557 7473"
"CatharinaCharlottaDelaGardie","AWBFyGMYjP4rR07fm2z8","0000 0000 5212 3329","Q4949504","0000 0000 5212 3329"
"EbbaDelaGardie","AV_kWPaejP4rR07fm2xC","","Q23988635",""
"EbbaMariaDelaGardie","AWBE-eEHjP4rR07fm2z2","0000 0000 5179 9503","Q4944386","0000 0000 5179 9503"
"HedvigUlrikaDelaGardie","AV94ZhyEjP4rR07fm2r7","","Q2075113",""
"JohannaEleonoraDelaGardie","AWBFtOnbWxymAE2pjnuz","0000 0000 5383 2194","Q4949508","0000 0000 5383 2194"
"MariaSofiaDelaGardie","AWBF5vlxWxymAE2pjnu1","0000 0000 7690 623X","Q4944388","0000 0000 7690 623X"
"SiriDerkert","AWAN0ahGjP4rR07fm2yD","0000 0000 6663 3434","Q517138","0000 0000 6663 3434"
"Desideriadrottning","AWG82exuWxymAE2pjn7q","0000 0000 9107 5075","Q211749","0000 0000 9107 5075"
"IngridDessau","AVtDQKbL6HF5HgpJZ2vf","0000 0003 5962 2261","Q18238379","0000 0003 5962 2261"
"AlmaDetthow","AVdGZxrN7hONWjeN9n90","","Q4944704",""
"BeatriceDickson","AVdCZr6O7hONWjeN9n9z","","Q4944790",""
"EvaDickson","AV5_kJgejP4rR07fm2h3","0000 0003 5676 5056","Q3815471","0000 0003 5676 5056"
"ElisabethDjurleOlander","AWAnGR7QjP4rR07fm2yy","","Q4944919",""
"AnnaMargarethaDonner","AVuFEheF6HF5HgpJZ2v0","","Q4945030",""
"MathildaDrangel","AWD-RZDmWxymAE2pjnyb","","Q15813092","0000 0004 3972 2756"
"DagmarEbbesen","AWDVVJwhjP4rR07fm22q","0000 0000 3153 6028","Q4945608","0000 0000 3153 6028"
"EbbavonEckermann","AV-6I0haWxymAE2pjnq6","","Q4945651",""
"DagmarEdqvist","AVkblOld7hONWjeN9oBh","0000 0000 8182 8096","Q1157266","0000 0000 8182 8096"
"CordeliaEdvardson","AWFrL4b2jP4rR07fm2_o","0000 0001 2341 831X","Q24999","0000 0001 2341 831X"
"BritaEgardt","AWFRfXgrWxymAE2pjn1S","0000 0000 7871 3124","Q16594631","0000 0000 7871 3124"
"FredrikaEhrenborg","AV98jEcbWxymAE2pjno8","","Q4945884",""
"BettyEhrenborgPosse","AV98OCM6WxymAE2pjno6","0000 0000 5266 2277","Q4945888","0000 0000 5266 2277"
"AnnaMariaEhrenstrahl","AV-6G-KtjP4rR07fm2ut","0000 0000 6706 9601","Q371351","0000 0000 6706 9601"
"UllaEhrensvard","AV-6MPhcjP4rR07fm2uy","0000 0001 1027 9648","Q11899441","0000 0001 1027 9648"
"IngaEhrstrom","AWFrJqiqWxymAE2pjn2P","0000 0000 5132 7389","Q4988383","0000 0000 5132 7389"
"KerstinEidlitzKuoljok","AWGd7sJijP4rR07fm3Ja","0000 0001 1621 4781","Q22911428","0000 0001 1621 4781"
"EmyEk","AWAnJjh3jP4rR07fm2y1","0000 0000 5011 5130","Q18238535","0000 0000 5011 5130"
"KarinEk","AVdH7kYR7hONWjeN9n92","0000 0000 5190 2523","Q4988385","0000 0000 5190 2523"
"MargaretaEkarv","AWEoJsx_WxymAE2pjn0H","0000 0000 5043 2339","Q17331546","0000 0000 5043 2339"
"AnitaEkberg","AV-mN1J8jP4rR07fm2uA","0000 0000 8398 2206","Q230662","0000 0000 8398 2206"
"SigneEkblad","AV3K9tFHi-B3PHNCX9ZN","","Q38774453",""
"HelenaEkblomPredikareLena","AVvsJnZ5i-B3PHNCX9V0","","Q4946043",""
"IngerEkdahl","AV0HMeFEi-B3PHNCX9YI","","Q24303803",""
"EvaEkeblad","AWGPmVvnWxymAE2pjn4x","","Q1393227",""
"LisaEkedahl","AV-mPmr8jP4rR07fm2uC","","Q50804814",""
"KarinEkelund","AWFGpQdojP4rR07fm26v","0000 0000 0135 7803","Q4946061","0000 0000 0135 7803"
"MajaEkelof","AVj4eCnrEe-TgdtVqW-3","0000 0000 5325 7759","Q4946066","0000 0000 5325 7759"
"MartaafEkenstam","AV97tdLqWxymAE2pjnow","","Q22923004",""
"AstaEkenvall","AWDVbwk9jP4rR07fm22r","0000 0000 8153 0003","Q4946082","0000 0000 8153 0003"
"JulieEkerman","AV-mTGcIjP4rR07fm2uD","","Q4945650",""
"LottenEkman","AVz4tz9Mi-B3PHNCX9YH","","Q22341161",""
"ConstanceElbe","AVtiW-f06HF5HgpJZ2vj","","Q4946258",""
"AnnElefalk","AWC7UCOoWxymAE2pjnwX","","Q4946278",""
"AnnaLenahElgstrom","AV-6JUHZWxymAE2pjnq7","0000 0000 5348 3510","Q4946350","0000 0000 5348 3510"
"ElinafSkovde","AVsZ4FMYi-B3PHNCX9Sh","","Q660198",""
"SophieElkan","AVs9hv3ri-B3PHNCX9Sx","0000 0000 4894 6090","Q476144","0000 0000 4894 6090"
"SigridElmblad","AVmncXuw7hONWjeN9oB9","0000 0000 5185 5675","Q4946539","0000 0000 5185 5675"
"BritaElmen","AV1zgSTn6HF5HgpJZ20Y","","Q4946541",""
"GerdEnequist","AVr7JwVD6HF5HgpJZ2vL","0000 0001 0911 3026","Q4946690","0000 0001 0911 3026"
"AndreaEneroth","AVtC1ebc6HF5HgpJZ2ve","","Q4946697",""
"CarolaEneroth","AVzu5-3yi-B3PHNCX9X5","","Q50809177",""
"EvaEnglund","AV-0b7dMjP4rR07fm2uG","0000 0000 3143 8874","Q4946770","0000 0000 3143 8874"
"MonaLisaEnglund","AV_YZYWbjP4rR07fm2v-","","Q4943626","0000 0000 5059 8208"
"LokaEnmark","AV93dfhqjP4rR07fm2rp","0000 0003 8327 034X","Q4946842","0000 0003 8327 034X"
"AnnalisaEricson","AV93geqkWxymAE2pjnon","0000 0000 5250 2863","Q580262","0000 0000 5250 2863"
"EstridEricson","AV2C3HKe6HF5HgpJZ20a","0000 0000 5236 6697","Q1370606","0000 0000 5236 6697"
"HildaEricsson","AV84xwuIjP4rR07fm2pd","","Q18238701",""
"AnnaBielke","AWFvZyB2jP4rR07fm3Am","","Q4766985",""
"NancyEriksson","AV-6Jt5AjP4rR07fm2uu","0000 0000 5034 9869","Q4947061","0000 0000 5034 9869"
"IngeborgErixson","AV-1LWu6jP4rR07fm2uO","0000 0003 7782 0595","Q4947088","0000 0003 7782 0595"
"EllenErup","AVwQLn5W6HF5HgpJZ2xZ","0000 0000 5272 7560","Q50805071","0000 0000 5272 7560"
"ElsaEschelsson","AVsVU4tg6HF5HgpJZ2vN","0000 0000 5311 0861","Q4947169","0000 0000 5311 0861"
"SigridEskilsdotterBaner","AVv2zcCoi-B3PHNCX9Wf","","Q4978554",""
"Eugenieprinsessa","AV_kcVEsjP4rR07fm2xD","0000 0003 8303 9287","Q526915","0000 0003 8303 9287"
"RigmorvonEuler","AV5vqOf4DqWJ2eBq92og","","Q50805087",""
"LisaEurenBerner","AWEeCUl6WxymAE2pjnzt","","Q4947309",""
"ElsaEwerlof","AV98mw9BWxymAE2pjno-","","Q4947351",""
"StinaFagerskog","AWAxhUm0jP4rR07fm2zU","","Q50886412",""
"AmaliaFahlstedt","AVnVZxy8Ee-TgdtVqXAE","0000 0000 5382 1962","Q4947447","0000 0000 5382 1962"
"EvelinaFahnehjelm","AV0SEhbC6HF5HgpJZ20D","","Q16594779",""
"AnnMariFalk","AV-1PAzFWxymAE2pjnqf","0000 0000 8133 9102","Q185743","0000 0000 8133 9102"
"ElinFalk","AVrMUUQ2Ee-TgdtVqXA6","","Q4988456",""
"GaboFalk","AWD-Uw07WxymAE2pjnyd","","Q4988457",""
"JeannaFalk","AWD-W3OyjP4rR07fm24A","","Q16594788",""
"MajFant","AWG87mXgWxymAE2pjn7r","0000 0000 8395 4440","Q4947601","0000 0000 8395 4440"
"MollieFaustman","AVsfPUYEi-B3PHNCX9Sr","0000 0000 7781 5532","Q4947706","0000 0000 7781 5532"
"SophievonFersen","AVmDIBk87hONWjeN9oB1","","Q469962",""
"EmyFick","AWAnSEp8jP4rR07fm2y5","","Q50873860",""
"AnnaFickesdotterBulow","AWGd1XpOWxymAE2pjn6A","","Q4766894",""
"IngaFischerHjalmars","AVukif8d6HF5HgpJZ2wD","0000 0000 8389 381X","Q4948133","0000 0000 8389 381X"
"RandiFisher","AV3P_BSPDqWJ2eBq92l0","0000 0000 4415 3026","Q4948155","0000 0000 4415 3026"
"LauraFitinghoff","AVzol_hCi-B3PHNCX9X4","0000 0000 5319 0080","Q4948162","0000 0000 5319 0080"
"PhebeFjellstrom","AV5givBBDqWJ2eBq92oe","0000 0001 1070 6304","Q4948221","0000 0001 1070 6304"
"KarinFjallbackHolmgren","AWC7bN9qjP4rR07fm216","","Q4948228",""
"LinneaFjallstedt","AWGZ-d3XWxymAE2pjn5y","0000 0000 8195 9336","Q4948230","0000 0000 8195 9336"
"LouiseFlodin","AV_YmYa3jP4rR07fm2wD","","Q4948326",""
"EmmaFlood","AWDWcCBpjP4rR07fm22v","","Q50842763",""
"HuldaFlood","AWDbeJ7djP4rR07fm23A","0000 0000 5160 4155","Q4948342","0000 0000 5160 4155"
"EmilieFlygareCarlen","AVfb3k_CUc4E-N8JPwvj","0000 0001 0902 5165","Q450832","0000 0001 0902 5165"
"EmiliaFogelklou","AV0MjnKt6HF5HgpJZ2z_","0000 0000 6678 4419","Q4948398","0000 0000 6678 4419"
"AnnalisaForssberger","AVn481b27hONWjeN9oC2","0000 0000 7262 0170","Q4948580","0000 0000 7262 0170"
"ElsaFougt","AWGJsOe6jP4rR07fm3FD","0000 0000 7257 9163","Q4948629","0000 0000 7257 9163"
"CeciliaFrancke","AWDpepALjP4rR07fm23i","","Q50804859",""
"MarianneFrankenhaeuser","AVygUbH_6HF5HgpJZ2zA","","Q4948724","0000 0000 8342 5311"
"MaudFredinFredholm","AVwVsnLA6HF5HgpJZ2xy","0000 0000 7118 6851","Q26835806","0000 0000 7118 6851"
"MarianneFredriksson","AVyCGz5n6HF5HgpJZ2yz","0000 0001 1460 2705","Q242166","0000 0001 1460 2705"
"EllenFries","AVwf8afF6HF5HgpJZ2yJ","0000 0000 6161 164X","Q4948980","0000 0000 6161 164X"
"CeciliaFryxell","AV9xSt5JjP4rR07fm2rK","0000 0001 1885 2381","Q4949100","0000 0001 1885 2381"
"EvaMargaretaFrolich","AVv2gUy_i-B3PHNCX9WX","0000 0003 7448 619X","Q4949172","0000 0003 7448 619X"
"EliseFrosslind","AWA1RtWWjP4rR07fm2zY","","Q4949179",""
"MajaLisaFurusjo","AV8z4WwwjP4rR07fm2pJ","0000 0003 8473 1996","Q50878720","0000 0003 8473 1996"
"GothildaFurstenberg","AWA1sIj3WxymAE2pjnuc","0000 0000 7613 8154","Q50855442","0000 0000 7613 8154"
"ElsaGafvelin","AWC7lWFLjP4rR07fm218","","Q50846999",""
"MarieLouiseGagner","AVs9m1Dxi-B3PHNCX9S0","0000 0000 5171 9905","Q4949374","0000 0000 5171 9905"
"GretaGarbo","AV9sU7znjP4rR07fm2q8","0000 0000 8127 7888","Q5443","0000 0000 8127 7888"
"ToraGarmFex","AV7w8GbNWxymAE2pjnl6","","Q16007387",""
"FloryGate","AWAhEKREjP4rR07fm2yU","","Q50803162",""
"IdaGawellBlumenthal","AWC3NsQ9jP4rR07fm211","0000 0001 3135 1071","Q4988547","0000 0000 5106 2990"
"EstherGehlin","AWBO-VhZWxymAE2pjnvN","","Q4949708",""
"KatjaGeiger","AWFAvjKhjP4rR07fm26W","","Q4949710",""
"AgnesGeijer","AV-1RtTQWxymAE2pjnqh","0000 0001 1816 3260","Q4949712","0000 0001 1816 3260"
"BritaafGeijerstam","AVyqrfsoi-B3PHNCX9Xu","0000 0000 6307 6134","Q4949726","0000 0000 6307 6134"
"IngaGentzel","AV7r3xbmjP4rR07fm2mH","","Q462273",""
"JaneGernandtClaine","AWFrq8ibWxymAE2pjn2a","0000 0000 7828 8092","Q4949903","0000 0000 7828 8092"
"SylviaGibson","AWBLHmfyjP4rR07fm20T","","Q50841651",""
"SigridGillner","AVoSpRjy7hONWjeN9oC_","0000 0001 0776 8766","Q4950085","0000 0001 0776 8766"
"SofiaGisberg","AV3QYprSDqWJ2eBq92l6","","Q4950131",""
"GretaGiadda","AVhnTgCV7hONWjeN9n_a","","Q50512403",""
"ElisabethGlantzberg","AWAhQ4QmWxymAE2pjntf","","Q26389364",""
"CarolineGother","AV-1TlOdWxymAE2pjnqi","0000 0001 1454 4111","Q18913272","0000 0001 1454 4111"
"EvaGothlin","AWEjIi8fjP4rR07fm25t","0000 0001 0915 459X","Q4950540","0000 0001 0915 459X"
"JeanetteGranberg","AWEOKUEmjP4rR07fm24-","","Q4988588",""
"LouiseGranberg","AWEOLWTajP4rR07fm24_","0000 0003 8937 3403","Q4950707","0000 0003 8937 3403"
"IdaGranqvist","AWBGFVbDWxymAE2pjnu4","0000 0001 1644 7024","Q4950789","0000 0001 1644 7024"
"WilhelminaGravallius","AVx3Xsft6HF5HgpJZ2yr","0000 0000 5171 9067","Q4950818","0000 0000 5171 9067"
"ElsaGrave","AVn-YUDH7hONWjeN9oC9","0000 0000 7848 1423","Q372612","0000 0000 7848 1423"
"GertrudGrenanderNyberg","AWGy4w12jP4rR07fm3NI","0000 0000 5188 2788","Q16602155","0000 0000 5188 2788"
"MariaGripe","AV5_QnmwjP4rR07fm2hq","0000 0001 1470 9553","Q234373","0000 0001 1470 9553"
"ViolaGrasten","AVuAllE96HF5HgpJZ2vy","0000 0001 1937 5409","Q2646376","0000 0001 1937 5409"
"BrittaGrondahl","AWDblfMcjP4rR07fm23B","0000 0001 2276 7040","Q4951174","0000 0001 2276 7040"
"AnnaGronfeldt","AWD-ebNTjP4rR07fm24C","0000 0000 5913 5402","Q23989243","0000 0000 5913 5402"
"AbelaGullbransson","AVxDghzmi-B3PHNCX9XH","","Q4951314",""
"SofiaGumaelius","AVmSbSpr7hONWjeN9oB5","0000 0000 5194 2592","Q4951333","0000 0000 5194 2592"
"GunillaBielke","AVh3x1-f7hONWjeN9oAC","","Q235659",""
"IngierdGunnarsdotter","AWDfyYg3jP4rR07fm23H","","Q4951388",""
"AnnaGustafson","AV-1dsO5WxymAE2pjnqj","","Q24019416",""
"RuthGustafsson","AWDf2vkZjP4rR07fm23I","","Q4951481",""
"MathildaBeatrixValerianaMariadellaTrinitaGyllenhaal","AWFmf5NpWxymAE2pjn10","0000 0000 8250 8350","Q4971348","0000 0000 8250 8350"
"KristinaNilsdotterGyllenstierna","AWGUrl2KWxymAE2pjn5R","0000 0000 5486 0306","Q438481","0000 0000 5486 0306"
"MariaGustavaGyllenstierna","AVjZc0tTEe-TgdtVqW-p","","Q4951692",""
"JaneGylling","AWHBemyKWxymAE2pjn7_","","Q1810898",""
"IngridGardeWidemar","AVmtWw6ZEe-TgdtVqW_w","0000 0003 8279 4870","Q406819","0000 0003 8279 4870"
"KjerstinGoranssonLjungman","AWEyAd_0WxymAE2pjn0U","0000 0000 5519 347X","Q4951765","0000 0000 5519 347X"
"AlmaHaag","AWAhUTLVjP4rR07fm2yb","","Q28922179",""
"LouiseEuphrosyneHagberg","AWFq2LmpjP4rR07fm2_i","0000 0000 5199 443X","Q4951912","0000 0000 5199 443X"
"LindaHaglund","AV7mumBQjP4rR07fm2lo","0000 0004 2040 4918","Q269711","0000 0004 2040 4918"
"SophieHagman","AVuLVqv86HF5HgpJZ2v7","0000 0004 5094 6945","Q3490945","0000 0004 5094 6945"
"MathildaHall","AVcupmqu7hONWjeN9n9v","","Q16595031",""
"NellyHall","AVv7ZCEf6HF5HgpJZ2xO","0000 0000 5455 4536","Q50949373","0000 0000 5455 4536"
"BedaHallberg","AV01moe2i-B3PHNCX9Yp","","Q4952135",""
"RuthHallden","AVywJgjJi-B3PHNCX9Xy","0000 0000 5058 4893","Q4952158","0000 0000 5058 4893"
"BrittGHallqvist","AVjdnHwLEe-TgdtVqW-q","0000 0000 6649 8105","Q4354430","0000 0000 6649 8105"
"WilhelminavonHallwyl","AWFlVoUYWxymAE2pjn1l","0000 0000 4916 033X","Q2576159","0000 0000 4916 033X"
"MathildaHamilton","AV0ReXpS6HF5HgpJZ20C","","Q28967407",""
"BirgittaHammar","AV0wvspj6HF5HgpJZ20W","0000 0000 5473 7527","Q4952369","0000 0000 5473 7527"
"FreddaHammar","AV9c8iwFWxymAE2pjnn-","","Q18242272",""
"AmandaHammarlund","AV7mkniEWxymAE2pjnl5","","Q50512428",""
"AnnaHammarRosen","AWFmu6ZqjP4rR07fm2-r","","Q4767065",""
"IngeborgHammarskjoldReiz","AWDgDw4RjP4rR07fm23J","","Q4952405",""
"IngridHammarstrom","AV27nRE9i-B3PHNCX9Y0","0000 0001 0957 8819","Q4952414","0000 0001 0957 8819"
"LouiseHammarstrom","AV7COed3jP4rR07fm2kC","","Q7482",""
"RuthHamrinThorell","AVr7m0C6i-B3PHNCX9SL","0000 0000 8318 2401","Q4952454","0000 0000 8318 2401"
"BertaHansson","AWEeYb2-jP4rR07fm25Y","0000 0001 1599 822X","Q4952582","0000 0001 1599 822X"
"KarinHartman","AWD-inXFjP4rR07fm24D","","Q4952841","0000 0000 7908 5051"
"EllenHartmanCederstrom","AVs-IlAI6HF5HgpJZ2vU","0000 0000 6039 4014","Q4952850","0000 0000 6039 4014"
"SigneHasso","AV-1gQ8VWxymAE2pjnqk","0000 0000 0782 8821","Q268695","0000 0000 0782 8821"
"GunnelHazeliusBerg","AVw5j4NOi-B3PHNCX9XB","0000 0000 5280 9849","Q23303942","0000 0000 5280 9849"
"SigneHebbe","AV_jefuIjP4rR07fm2w3","0000 0000 5394 7303","Q4953051","0000 0000 5394 7303"
"WendelaHebbe","AWEN5y3vjP4rR07fm247","0000 0000 5472 8997","Q3567227","0000 0000 5472 8997"
"WalborgHedberg","AWFA-cThjP4rR07fm26Z","0000 0001 0777 4584","Q4953082","0000 0001 0777 4584"
"JohannaHeden","AVwK6d456HF5HgpJZ2xW","0000 0000 5038 041X","Q4940309","0000 0000 5038 041X"
"SonyaHedenbratt","AWEoNZ7pWxymAE2pjn0I","0000 0000 4645 1502","Q4953107","0000 0000 4645 1502"
"HedvigEleonoradrottning","AWHBgoYujP4rR07fm3QW","0000 0001 1949 6905","Q161322","0000 0001 1949 6905"
"HedvigElisabetCharlottadrottning","AV-6L5yTWxymAE2pjnq9","0000 0004 1852 9068","Q236208","0000 0004 1852 9068"
"AnnaJulieHeilborn","AV98pCSIjP4rR07fm2sW","","Q50841955",""
"LillyHellstrom","AV-6KkvsjP4rR07fm2uw","","Q4953495",""
"GunHellsvik","AWD-kC7fWxymAE2pjnyg","","Q1780585",""
"GretaHelms","AV-15jivWxymAE2pjnqm","","Q50804925",""
"EsterHenning","AVxZV2NQi-B3PHNCX9XR","0000 0000 3974 9239","Q4953594","0000 0000 3974 9239"
"BethHennings","AWDpmCXpWxymAE2pjnx4","0000 0000 3739 4235","Q4953596","0000 0000 3739 4235"
"HelgaHenschen","AWAhnXvvjP4rR07fm2yc","0000 0001 1061 2359","Q4953659","0000 0001 1061 2359"
"OlgaHerlin","AWEedgzGWxymAE2pjnzx","","Q50850524",""
"EsterHermansson","AV-6ymksjP4rR07fm2u6","0000 0003 9125 2029","Q50801541","0000 0003 9125 2029"
"HonorineHermelin","AWFA9NY1WxymAE2pjn0i","0000 0003 6160 7140","Q4953745","0000 0003 6160 7140"
"ElisabetHermodsson","AV92qeHrjP4rR07fm2rb","0000 0001 1055 0717","Q4953755","0000 0001 1055 0717"
"ElisabethHesselblad","AVs5CZVKi-B3PHNCX9Sw","0000 0000 6153 3311","Q435384","0000 0000 6153 3311"
"KerstinHesselgren","AWAnWE39jP4rR07fm2y6","0000 0000 7330 214X","Q4953847","0000 0000 7330 214X"
"VivekaHeyman","AWFRcKdPjP4rR07fm27L","0000 0000 6699 2904","Q16590970","0000 0000 6699 2904"
"AnnaHiertaRetzius","AWEJQukEWxymAE2pjnzK","0000 0000 7149 0503","Q4767080","0000 0000 7149 0503"
"RutHillarp","AWAhut5zjP4rR07fm2yd","0000 0000 5183 1788","Q4954003","0000 0000 5183 1788"
"EllaHillback","AVrW4Hu_6HF5HgpJZ2vG","0000 0001 1702 8745","Q4954023","0000 0001 1702 8745"
"HerthaHillfon","AWBPGta2WxymAE2pjnvO","0000 0000 8332 5476","Q4988725","0000 0000 8332 5476"
"MajHirdman","AV44Ec_tDqWJ2eBq92nx","","Q4954113","0000 0000 5186 9858"
"HjordisHjalmarsdotterHjorth","AWEdwECzWxymAE2pjnzq","","Q10524975",""
"SigridHjerten","AV_ZauCqWxymAE2pjnrq","0000 0000 6678 7564","Q272405","0000 0000 6678 7564"
"ChristinaCharlottaHjarne","AWDgJ3QxWxymAE2pjnxi","0000 0000 5202 7353","Q16596225","0000 0000 5202 7353"
"EsterHofvanderSandberg","AV-18BUwjP4rR07fm2uV","","Q50804672",""
"ElisabetHolm","AWD-l4z_jP4rR07fm24F","","Q4954452",""
"AnnMargretHolmgren","AVw01Geti-B3PHNCX9W4","0000 0000 8210 6378","Q4766181","0000 0000 8210 6378"
"ToraVegaHolmstrom","AWC792VWjP4rR07fm219","0000 0000 9315 1633","Q4954644","0000 0000 9315 1633"
"AgnetaHorn","AVv3jbOVi-B3PHNCX9Wl","0000 0000 5281 4330","Q4693164","0000 0000 5281 4330"
"BritavonHorn","AWEdjwPAjP4rR07fm25O","0000 0003 8432 8144","Q4954781","0000 0003 8432 8144"
"ViviHorn","AV5v9ADODqWJ2eBq92om","0000 0000 5288 112X","Q37016024","0000 0000 5288 112X"
"AmandaHorney","AWC8KQkCWxymAE2pjnwc","","Q19976600",""
"MargaretaHuitfeldt","AWD-oIVYWxymAE2pjnyh","0000 0000 5181 3272","Q3430792","0000 0000 5181 3272"
"ViviAnneHulten","AV-6RxZojP4rR07fm2u0","","Q270060",""
"LilianHultin","AVuAUTXPi-B3PHNCX9T1","","Q50850332",""
"MaudHusberg","AV-1_MiLWxymAE2pjnqo","","Q4955136",""
"EliseHwasser","AWF0WZXojP4rR07fm3Bo","","Q4955200",""
"DorisHavik","AWEjP2c0jP4rR07fm25w","","Q4955378",""
"LisaHogelin","AWDpqw-5WxymAE2pjnx5","","Q4955405",""
"EmilieHogqvist","AWARLaoajP4rR07fm2yF","0000 0003 8537 6738","Q274554","0000 0003 8537 6738"
"SallyHogstrom","AVqFAePZEe-TgdtVqXAx","","Q18242804",""
"SigneHojer","AV272tbBi-B3PHNCX9Y1","0000 0003 7430 2653","Q4955470","0000 0003 7430 2653"
"ElinHok","AV56kgXhi-B3PHNCX9bY","","Q50804894",""
"BarbroHorberg","AVz39_Qo6HF5HgpJZ2zu","0000 0001 2952 6733","Q4955491","0000 0001 2952 6733"
"KerstinHorlinHolmquist","AV3Ai3kQi-B3PHNCX9Y9","","Q16595290",""
"MarianneHook","AVnfe7cTEe-TgdtVqXAS","0000 0000 5865 5465","Q4955523","0000 0000 5865 5465"
"MajBrittInghe","AWC8QxmJjP4rR07fm21-","","Q50804896",""
"BirgittaIngvaldsdotter","AWDkjAamjP4rR07fm23T","","Q50377583",""
"EmmaIsakson","AV-2BIvVjP4rR07fm2uX","","Q50799543",""
"UllaIsaksson","AVp-4bi47hONWjeN9oDR","0000 0001 1042 2432","Q4003080","0000 0001 1042 2432"
"DoraJacobsohn","AWBPP4z-WxymAE2pjnvP","","Q16595323","0000 0000 1701 7221"
"GunJacobson","AWD-suiHjP4rR07fm24H","0000 0000 5075 7088","Q1525689","0000 0000 5075 7088"
"EmmaJacobsson","AVvxOGQx6HF5HgpJZ2w9","","Q4956130","0000 0003 6825 4210"
"UllaJacobsson","AWFGdikajP4rR07fm26t","0000 0001 0871 0419","Q24842","0000 0001 0871 0419"
"EllyJannes","AV51Aoi9i-B3PHNCX9bS","0000 0000 6317 9256","Q1332619","0000 0000 6317 9256"
"BettyJanson","AVmx3H95Ee-TgdtVqW_5","","Q38283505",""
"BarbroJansson","AWF_fv43jP4rR07fm3Dc","","Q50804902",""
"AnnMariJansson","AV_9nDubjP4rR07fm2xo","","Q50804907","0000 0003 8182 3780"
"MariaJanssonKisaMor","AVwWfH8E6HF5HgpJZ2x0","0000 0000 5051 7164","Q3307884","0000 0000 5051 7164"
"GockenJobs","AV99gPfDWxymAE2pjnpG","0000 0000 5186 6833","Q4956741","0000 0000 5186 6833"
"LisskullaJobs","AV99ljQejP4rR07fm2si","","Q4956742",""
"LisbetJobs","AV99jSBOjP4rR07fm2sh","0000 0000 5173 5550","Q4956744","0000 0000 5173 5550"
"KarinJohannisson","AWF0zFPqjP4rR07fm3Bv","0000 0001 0937 2749","Q4956830","0000 0001 0937 2749"
"MariaJohansdotter","AWFWHvwyjP4rR07fm279","","Q4956841",""
"KlaraJohanson","AV6EL2OkjP4rR07fm2iB","0000 0000 5106 4187","Q4956862","0000 0000 5106 4187"
"AttiJohansson","AWFRy-ipjP4rR07fm27N","0000 0000 5196 8661","Q4956904","0000 0000 5196 8661"
"AlmaJohansson","AV7hflg3WxymAE2pjnl4","0000 0001 1495 7880","Q4733562","0000 0001 1495 7880"
"GretaJohansson","AV-AsHrLWxymAE2pjnpI","","Q455134",""
"BarbroJohansson","AV-2Eao1WxymAE2pjnqp","0000 0000 7859 5906","Q4956908","0000 0000 7859 5906"
"MajkenJohansson","AVjeBZYI7hONWjeN9oBZ","0000 0000 5220 652X","Q4957057","0000 0000 5220 652X"
"RonnyJohansson","AWEdz1QDWxymAE2pjnzs","","Q50950081",""
"MargaretJohanssonMargrethMaard","AWEEKLRjWxymAE2pjny1","","Q4968713",""
"HannaCeciliaCillaJohnson","AWGJUkjfjP4rR07fm3FA","0000 0003 8473 2593","Q4957160","0000 0003 8473 2593"
"MollyJohnson","AV7hGgsgWxymAE2pjnl3","0000 0000 5336 7675","Q4957179","0000 0000 5336 7675"
"CeciliaJonsdotter","AWF1B7u5WxymAE2pjn3W","","Q50805084",""
"GunnelJonang","AWA14sVejP4rR07fm2zg","","Q4957384",""
"Josefinadrottning","AVqjF-qu7hONWjeN9oDf","0000 0000 6153 5544","Q229810","0000 0000 6153 5544"
"MagdaJulin","AV-AufHPWxymAE2pjnpJ","","Q267498",""
"AlinaJagerstedt","AVwfY0Dii-B3PHNCX9Wz","","Q4726713",""
"AmaliaJonsson","AWFvu-32WxymAE2pjn2p","","Q18243169",""
"LiliKaelas","AV7cXNg3WxymAE2pjnl2","0000 0000 5188 4310","Q16595401","0000 0000 5188 4310"
"SigridIdaMathildaKahle","AWGuoMiUjP4rR07fm3MK","0000 0000 5375 5117","Q4957801","0000 0000 5375 5117"
"MiraKakossaios","AVtCQkBd6HF5HgpJZ2va","","Q50804649",""
"MareKandre","AV7cAqlZjP4rR07fm2kp","0000 0000 5141 1740","Q3743817","0000 0000 5141 1740"
"KarinMansdotterdrottning","AWHCeDn5jP4rR07fm3Qu","0000 0000 5340 0324","Q237937","0000 0000 5340 0324"
"JudithKarlander","AWFQqYlZWxymAE2pjn1J","","Q42296510",""
"IngeborgKristinaKastman","AWFvO5zuWxymAE2pjn2g","","Q30026157",""
"KatarinaStenbock","AWF08mrPjP4rR07fm3Bx","0000 0000 5151 3595","Q256139","0000 0000 5151 3595"
"KatarinaJagellonicadrottning","AVvIHnK_6HF5HgpJZ2wF","0000 0000 6145 9705","Q233277","0000 0000 6145 9705"
"KarinKavli","AV-6DLEdjP4rR07fm2un","0000 0000 5961 7858","Q4958397","0000 0000 5961 7858"
"AmandaKerfstedt","AVmtHfkTEe-TgdtVqW_u","0000 0001 2020 982X","Q4958590","0000 0001 2020 982X"
"GunborgGunKessle","AWFrmJ5IWxymAE2pjn2X","0000 0001 2129 6291","Q533330","0000 0001 2129 6291"
"EllenKey","AVs4dG5Z6HF5HgpJZ2vS","0000 0001 2138 235X","Q238443","0000 0001 2138 235X"
"GerdaKjellberg","AVlkEoaZ7hONWjeN9oBl","0000 0000 5202 9164","Q16946303","0000 0000 5202 9164"
"MargaretaKjellberg","AV-Ax_QGWxymAE2pjnpL","0000 0001 1042 178X","Q4958964","0000 0001 1042 178X"
"EdithKlarin","AVuf7Lxgi-B3PHNCX9VD","","Q50803502","0000 0000 3262 2657"
"ElseKleen","AVnf8DM6Ee-TgdtVqXAU","0000 0001 2140 773X","Q4959057","0000 0001 2140 773X"
"TyraKleen","AWAiLKP0WxymAE2pjntn","0000 0000 8104 1760","Q4959059","0000 0000 8104 1760"
"HilmaafKlint","AV9H-xVfWxymAE2pjnni","0000 0001 2320 0433","Q436267","0000 0001 2320 0433"
"SophievonKnorring","AWD-t-t7jP4rR07fm24I","0000 0000 5557 1354","Q450795","0000 0000 5557 1354"
"GretaKnutsonTzara","AWFBUzqLWxymAE2pjn0k","0000 0001 2149 1812","Q4959262","0000 0001 2149 1812"
"AlidaKnos","AVvxvkgf6HF5HgpJZ2xB","","Q50809167",""
"TheklaKnos","AVvx9xGU6HF5HgpJZ2xC","0000 0000 5228 9660","Q4959294","0000 0000 5228 9660"
"AnnieKoch","AWDpzm5GWxymAE2pjnx6","","Q50885723",""
"KarinKock","AWDp7zBJjP4rR07fm23m","0000 0001 1007 0174","Q4959336","0000 0001 1007 0174"
"AleksandraKollontaj","AWGuUQ6fWxymAE2pjn6u","0000 0001 2117 1448","Q179558","0000 0001 2117 1448"
"SonjaKovalevsky","AWHWJIGDWxymAE2pjn9T","0000 0001 2127 3313","Q184535","0000 0001 2127 3313"
"KatarinaKraftAhnlund","AWFRI_gtjP4rR07fm27F","0000 0003 7044 4259","Q4959709","0000 0003 7044 4259"
"Kristinadrottning","AVjPaeMiEe-TgdtVqW-n","0000 0001 1229 8199","Q52937","0000 0001 1229 8199"
"NinniKronberg","AV0Nkb7q6HF5HgpJZ20B","","Q4959967",""
"MargarethaKrook","AV7bzhmqWxymAE2pjnl1","0000 0000 8391 7850","Q1799576","0000 0000 8391 7850"
"AgnesvonKrusenstjerna","AVmm03IKEe-TgdtVqW_i","0000 0001 2138 8030","Q239386","0000 0001 2138 8030"
"LottenvonKrmer","AWD_KgwsjP4rR07fm24J","0000 0000 5888 1163","Q4959699","0000 0000 5888 1163"
"VeravonKrmer","AVz4XI6F6HF5HgpJZ2zv","0000 0000 5394 927X","Q4959702","0000 0000 5394 927X"
"ElisabethKuylenstiernaWenster","AVqJeeDS7hONWjeN9oDZ","0000 0000 5133 6285","Q4960199","0000 0000 5133 6285"
"GunhildKyle","AWAlySRxjP4rR07fm2yl","0000 0000 5122 3264","Q4960259","0000 0000 5122 3264"
"ElisabetKagerman","AV97nex0jP4rR07fm2sC","0000 0000 2036 2704","Q4960336","0000 0000 2036 2704"
"AuroravonKonigsmarck","AWDkvDqfjP4rR07fm23U","0000 0000 6316 8805","Q440427","0000 0000 6316 8805"
"BenedictaLager","AV_8q7CxjP4rR07fm2xk","","Q50885321",""
"SelmaLagerlof","AV_Fv92OjP4rR07fm2vx","0000 0001 2119 2353","Q44519","0000 0001 2119 2353"
"AgnesLagerstedt","AV5a-nmkDqWJ2eBq92oU","","Q4960567",""
"SelmaLaman","AVgBCEPMUc4E-N8JPwwU","0000 0003 8312 5791","Q50808543","0000 0003 8312 5791"
"EstherLamm","AWC8UXc8jP4rR07fm21_","","Q50804820",""
"EllenLandquist","AWFrGqLZWxymAE2pjn2O","","Q50809185",""
"DagmarLangeMariaLang","AV9SsylpjP4rR07fm2qM","0000 0001 0779 3267","Q274371","0000 0001 0779 3267"
"OlgaLanner","AV-A1a9ojP4rR07fm2sj","","Q4960861",""
"VanjaLantz","AWD_NelpjP4rR07fm24L","0000 0003 7049 2330","Q16595567","0000 0003 7049 2330"
"MariaLarsen","AWD_P59aWxymAE2pjnyj","","Q50804295",""
"AnnaLarsson","AV-A7d8sWxymAE2pjnpN","0000 0001 0783 2924","Q4961034","0000 0001 0783 2924"
"GunnyLarsson","AWC8lMVfWxymAE2pjnwe","","Q36547020",""
"KarinLarsson","AVqKCaie7hONWjeN9oDb","0000 0001 2278 1176","Q462529","0000 0001 2278 1176"
"LenaLarsson","AVqJF3557hONWjeN9oDY","0000 0000 7263 1929","Q4961100","0000 0000 7263 1929"
"ZeniaSzajnaLarsson","AWFvThI_jP4rR07fm3Ah","0000 0001 0958 7213","Q4961191","0000 0001 0958 7213"
"ElsaStinaLarsdotterLaulaRenberg","AWFqBuM8jP4rR07fm2_Z","0000 0004 0033 5935","Q4129778","0000 0004 0033 5935"
"ElinLauritzen","AV-QncyaWxymAE2pjnpR","","Q19946455",""
"ZarahLeander","AWAl3BbMjP4rR07fm2ym","0000 0000 5514 5099","Q46479","0000 0000 5514 5099"
"MiaLecheLofgren","AWEoPSgZjP4rR07fm256","0000 0000 5393 4799","Q1679990","0000 0000 5393 4799"
"AnneCharlotteLeffler","AVoD-wm0Ee-TgdtVqXAm","0000 0001 0862 9469","Q243068","0000 0001 0862 9469"
"MartaLeijon","AVyGrTG-i-B3PHNCX9Xh","","Q23989153",""
"SigridLeijonhufvud","AWFrRI8hjP4rR07fm2_s","0000 0000 8116 6352","Q4961641","0000 0000 8116 6352"
"AnnaMariaLenngren","AV2XzzHdi-B3PHNCX9Yt","0000 0000 8366 8794","Q459663","0000 0000 8366 8794"
"BeatriceLesslie","AWENxwolWxymAE2pjnzT","","Q23989454",""
"IngegerdLevander","AWDgUxRtWxymAE2pjnxj","","Q50841591",""
"AnnBrittLeyman","AV-QqPTdWxymAE2pjnpS","","Q439965",""
"SaraLidman","AWAmPA1DWxymAE2pjntw","0000 0001 0937 7881","Q287784","0000 0001 0937 7881"
"HenrikaJulianavonLiewen","AV-QuaxAjP4rR07fm2sq","","Q4962097",""
"GertrudLilja","AVn5tc9PEe-TgdtVqXAd","0000 0000 7981 4808","Q4962138","0000 0000 7981 4808"
"HedvigCatharinaLillie","AWA2A8J4WxymAE2pjnuh","0000 0000 5235 5277","Q2403800","0000 0000 5235 5277"
"MettaLillie","AWFBsARHWxymAE2pjn0n","0000 0000 5558 0285","Q50950987","0000 0000 5558 0285"
"BirgittaLilliehook","AV-Qw2hljP4rR07fm2st","","Q4962201",""
"JennyLind","AWC8rVbzWxymAE2pjnwf","0000 0000 7977 9109","Q231345","0000 0000 7977 9109"
"HeddaHansdotterLindahl","AWGzEt5vWxymAE2pjn7C","","Q4962326",""
"GunnelLinde","AV4OWVPui-B3PHNCX9Z5","0000 0001 0921 744X","Q469659","0000 0001 0921 744X"
"MariaLindeberg","AVqjyOMxEe-TgdtVqXA2","","Q16595640",""
"GurliLinder","AV-Q0ZYOWxymAE2pjnpW","0000 0001 1935 2004","Q4962635","0000 0001 1935 2004"
"GretaLinder","AV_ZfUT_jP4rR07fm2wQ","0000 0001 0717 8598","Q4962631","0000 0001 0717 8598"
"VivecaLindfors","AWG9C7XDWxymAE2pjn7s","0000 0000 7689 0768","Q267217","0000 0000 7689 0768"
"AstridLindgren","AV-Q3fOYWxymAE2pjnpX","0000 0000 8402 9206","Q55767","0000 0000 8402 9206"
"KlaraLindh","AV3Au6BMDqWJ2eBq92lp","","Q50926751",""
"AnnaLindh","AWDBQfXrWxymAE2pjnws","0000 0000 5472 8487","Q208591","0000 0000 5472 8487"
"AnnaLindhagen","AV3A575Vi-B3PHNCX9Y-","0000 0000 5448 6561","Q293284","0000 0000 5448 6561"
"EsterLindin","AVtCTH5wi-B3PHNCX9TK","0000 0000 5212 2537","Q4962841","0000 0000 5212 2537"
"HannaLindmark","AVmrz-zj7hONWjeN9oB-","","Q4962859",""
"EbbaLindqvist","AVkiUpDk7hONWjeN9oBj","0000 0000 5555 4896","Q4962886","0000 0000 5555 4896"
"TuijaLydiaElisabethLindstrom","AWGuLTNAWxymAE2pjn6s","0000 0003 6651 5544","Q4262020","0000 0003 6651 5544"
"UllaLindstrom","AVtCkd5_i-B3PHNCX9TO","0000 0000 5251 3327","Q4963023","0000 0000 5251 3327"
"BirgitLindvall","AWGKUYj-jP4rR07fm3FI","","Q28025662",""
"AuroraLjungstedt","AVzzZimv6HF5HgpJZ2zj","0000 0000 7420 7953","Q4949843","0000 0000 7420 7953"
"AstridLjungstrom","AVqj3lgw7hONWjeN9oDm","","Q49520708",""
"JohannaLohm","AVuBRGJ5i-B3PHNCX9UG","","Q4963436",""
"LovisaUlrikadrottning","AWHR8Rp0WxymAE2pjn89","0000 0001 0963 2926","Q234251","0000 0001 0963 2926"
"EmmaLundberg","AVzoUCFM6HF5HgpJZ2zL","0000 0003 5849 996X","Q4963955","0000 0003 5849 996X"
"HildurLundberg","AWD_Sr92jP4rR07fm24M","","Q50803736",""
"MathildaLundberg","AWHRvinQWxymAE2pjn85","","Q16946324",""
"WillyMariaLundberg","AWFriO-wjP4rR07fm2_x","","Q4963988",""
"AmaliaLundeberg","AVoTIb_g7hONWjeN9oDA","","Q16595724",""
"AugustaLundin","AVwVoCHt6HF5HgpJZ2xx","","Q4820946",""
"IngeborgLundin","AWBPZ7V-jP4rR07fm20d","0000 0000 2074 6695","Q18244115","0000 0000 2074 6695"
"HuldaLundin","AVvJIJQn6HF5HgpJZ2wG","","Q4964144",""
"AnnaLutteman","AVvXV83-6HF5HgpJZ2wl","","Q50951050",""
"EsterLutteman","AWBGNErrWxymAE2pjnu7","0000 0000 5190 4422","Q4989126","0000 0000 5190 4422"
"ThrinaLysell","AV0wlG-k6HF5HgpJZ20V","","Q16595748",""
"AliceLyttkens","AVmSNzps7hONWjeN9oB4","0000 0000 8204 0575","Q4964458","0000 0000 8204 0575"
"AnnaLenaLofgren","AWHR29bTWxymAE2pjn87","0000 0000 5810 1964","Q462906","0000 0000 5810 1964"
"MarianneLofgren","AWFGHEOYWxymAE2pjn0v","0000 0000 4201 7514","Q3431866","0000 0000 4201 7514"
"HelfridLofquist","AWDF0y9IWxymAE2pjnw0","","Q50512410",""
"IngaLowdin","AV-Vkd3_jP4rR07fm2sz","","Q50951059",""
"EvaLowen","AV-VoeCcjP4rR07fm2s2","","Q4989142",""
"HarrietLowenhjelm","AV0Wsw8E6HF5HgpJZ20E","0000 0000 8114 599X","Q4964675","0000 0000 8114 599X"
"GretaMagnussonGrossman","AVsVBG2Ni-B3PHNCX9ST","0000 0000 8243 1736","Q4964982","0000 0000 8243 1736"
"HelenaMalheim","AVwuzNhji-B3PHNCX9W0","0000 0000 5181 8030","Q4965112","0000 0000 5181 8030"
"MathildaMalling","AWD_XhdCjP4rR07fm24N","0000 0000 5194 8599","Q4965144","0000 0000 5194 8599"
"BritaMalmer","AV-VsCFqWxymAE2pjnpi","0000 0001 0895 5627","Q918017","0000 0001 0895 5627"
"BodilMalmsten","AWG9NZq7jP4rR07fm3PY","0000 0001 1040 6205","Q3439054","0000 0001 1040 6205"
"HedvigMalmstrom","AV-Vt1ysWxymAE2pjnpj","","Q50803435",""
"RosaMalmstrom","AWEjNlwaWxymAE2pjnz-","0000 0000 6126 0309","Q22696952","0000 0000 6126 0309"
"ChristineMalmstromBarke","AVmr0hjO7hONWjeN9oB_","","Q19976756",""
"CarinMannheimer","AV9IqhD_jP4rR07fm2pw","0000 0000 7879 4788","Q3427896","0000 0000 7879 4788"
"CharlotteMannheimer","AV9SWawUjP4rR07fm2qI","0000 0000 6706 5950","Q4965426","0000 0000 6706 5950"
"MargaretaValdemarsdotter","AWFlOZE3jP4rR07fm2-b","0000 0003 8164 7334","Q202266","0000 0003 8164 7334"
"Margaretadrottning","AWGdmivkjP4rR07fm3JX","","Q239443",""
"LauraMarholm","AWFB3uTijP4rR07fm26h","0000 0001 0844 2928","Q89768","0000 0001 0844 2928"
"MoaMartinson","AWGKQfU4WxymAE2pjn4W","0000 0001 0886 3896","Q275893","0000 0001 0886 3896"
"MariaMagdalenaMathsdotter","AWFqMdDpjP4rR07fm2_b","","Q4966313",""
"LisaMattson","AVt8CSIp6HF5HgpJZ2vn","0000 0000 5249 9465","Q4966432","0000 0000 5249 9465"
"EliseLiseMeitner","AWFWDcY6jP4rR07fm277","0000 0001 0909 3889","Q56189","0000 0001 0909 3889"
"GerdaMeyerson","AVufCaQ8i-B3PHNCX9Uy","0000 0000 5265 7777","Q4967157","0000 0000 5265 7777"
"GerdMiller","AWEyCmGWWxymAE2pjn0W","0000 0000 3723 6579","Q4967358","0000 0000 3723 6579"
"RuthMilles","AVyCqfzO6HF5HgpJZ2y3","0000 0000 7736 5017","Q4967393","0000 0000 7736 5017"
"EllenMoberg","AVxDtruoi-B3PHNCX9XI","","Q19787859",""
"EvaMoberg","AWFq7r7XjP4rR07fm2_k","0000 0000 5394 9472","Q3893031","0000 0000 5394 9472"
"MariaMoberg","AVxTJ3Dm6HF5HgpJZ2yZ","","Q40212475",""
"BrittMogard","AV7MvxwYjP4rR07fm2ke","0000 0003 8378 5714","Q4967758","0000 0003 8378 5714"
"UllaMolin","AV-Wf0pwWxymAE2pjnps","0000 0000 8436 1719","Q4967876","0000 0000 8436 1719"
"AnnaMargaretavonBragner","AWAMHMd4WxymAE2pjns8","","Q4967899",""
"AgdaMontelius","AWGubmUuWxymAE2pjn6w","0000 0000 7738 6643","Q4691673","0000 0000 7738 6643"
"EditaMorris","AWFroNYSjP4rR07fm2_z","0000 0000 8404 297X","Q2750266","0000 0000 8404 297X"
"HelenaMunktell","AWFlbLXKjP4rR07fm2-g","0000 0000 8206 0664","Q4968368","0000 0000 8206 0664"
"AnnaMyrberg","AWDF6KGXjP4rR07fm22d","0000 0000 5393 1563","Q4767368","0000 0000 5393 1563"
"AlvaMyrdal","AWGutuMnWxymAE2pjn6y","0000 0000 8173 1673","Q152437","0000 0000 8173 1673"
"AnnaMansdotter","AWFq5U72WxymAE2pjn2K","","Q562622",""
"GertrudMansson","AVuGP8Y_i-B3PHNCX9UZ","","Q4968671",""
"MartaMaasFjetterstrom","AV7MYVqDjP4rR07fm2kY","0000 0000 5487 6084","Q4968715","0000 0000 5487 6084"
"AsaNelvin","AVj33G8gEe-TgdtVqW-1","0000 0001 0919 7821","Q4969146","0000 0001 0919 7821"
"LovisaMathildaNettelbladt","AWBPdTz4WxymAE2pjnvQ","","Q50920082",""
"CeciliaAinaNettelbrandt","AWFvd-wbWxymAE2pjn2i","","Q4969234",""
"AdaNilsson","AVrRzTzk6HF5HgpJZ2vE","0000 0000 5132 4276","Q4969542","0000 0000 5132 4276"
"BarbroNilsson","AWDGCfBHjP4rR07fm22f","0000 0000 7867 2633","Q4969569","0000 0000 7867 2633"
"ChristinaNilsson","AVtcnqUE6HF5HgpJZ2vh","0000 0000 7142 8865","Q269812","0000 0000 7142 8865"
"ChristinaNilsson1","AVqOfzDD7hONWjeN9oDc","","Q50809164",""
"IdaNilsson","AWF0pj9wWxymAE2pjn3L","","Q4969624",""
"BirgitNilsson","AWGaK2zAjP4rR07fm3Ig","0000 0001 1082 9638","Q233951","0000 0001 1082 9638"
"SofiNilsson","AV-2IWiKjP4rR07fm2uZ","","Q4989353",""
"VeraNilsson","AV4YZqxvDqWJ2eBq92nV","0000 0000 8384 1120","Q4969725","0000 0000 8384 1120"
"CatharinaNilssonGehlin","AWArJ38DjP4rR07fm2y-","","Q50847470",""
"EmilyNonnen","AWFRZ0ZejP4rR07fm27K","0000 0000 5068 9003","Q4414673","0000 0000 5068 9003"
"EvaNorberg","AVwVQvmDi-B3PHNCX9Wy","0000 0000 5177 0057","Q4969916","0000 0000 5177 0057"
"EbbaNordenadler","AVsec9RY6HF5HgpJZ2vQ","0000 0000 5482 7071","Q15718105","0000 0000 5482 7071"
"KerstinNordendahl","AV9sLUtBWxymAE2pjnoE","0000 0000 5061 8774","Q38883041","0000 0000 5061 8774"
"HedvigCharlottaNordenflycht","AVuBANHPi-B3PHNCX9T-","0000 0000 8356 1364","Q450744","0000 0000 8356 1364"
"BerthaNordensson","AWFRM9c9WxymAE2pjn1R","","Q22666128",""
"OliviaNordgren","AV3F6yR-i-B3PHNCX9ZE","0000 0000 5194 2648","Q4970006","0000 0000 5194 2648"
"AliceNordin","AVp_TzwBEe-TgdtVqXAp","0000 0000 5622 5218","Q4970016","0000 0000 5622 5218"
"EllenMargitIngridNordin","AWFwEKFJjP4rR07fm3Au","","Q4970041",""
"MarjaNordin","AWFGXqfmWxymAE2pjn0w","","Q50854210",""
"IngeborgNordinHennel","AWFwfu6GWxymAE2pjn2_","0000 0000 5068 3664","Q4989370","0000 0000 5068 3664"
"HjordisNordinTengbom","AVp_3cnc7hONWjeN9oDS","0000 0003 9396 8274","Q4970058","0000 0003 9396 8274"
"AnnaNordlander","AV_Zl5kgWxymAE2pjnrr","0000 0000 8239 3805","Q4970064","0000 0000 8239 3805"
"ElsaBritaNordlund","AVrsUQH36HF5HgpJZ2vI","","Q16946340",""
"AgdaNordlof","AWDggAjyWxymAE2pjnxk","","Q50874747",""
"AaseNordmoLvberg","AWD_mz7-jP4rR07fm24O","0000 0000 6653 2924","Q1778583","0000 0000 6653 2924"
"EsterBlendaNordstrom","AWEjD5wgjP4rR07fm25s","0000 0000 8394 826X","Q4970156","0000 0000 8394 826X"
"TeklaNordstrom","AV7HkKRRWxymAE2pjnl0","0000 0000 5184 4079","Q2401130","0000 0000 5184 4079"
"ToraNordstromBonnier","AV7HLQETjP4rR07fm2kM","0000 0000 6324 0811","Q4989376","0000 0000 6324 0811"
"GunnelNorellSoderblom","AV_ZyVHVWxymAE2pjnrs","0000 0000 3235 8307","Q19976858","0000 0000 3235 8307"
"SveaNoren","AV-WhlizWxymAE2pjnpt","","Q269804",""
"IngridNorlander","AWDlX15nWxymAE2pjnxu","","Q19976860",""
"IdaNorrby","AV97kwPejP4rR07fm2sA","0000 0000 5384 8487","Q4970301","0000 0000 5384 8487"
"AnnaNorrie","AV_pbMQIWxymAE2pjnsd","","Q3437414",""
"AlmaNorsell","AVsUzbAt6HF5HgpJZ2vM","","Q50950890",""
"JuliaNybergEuphrosyne","AVqpLo_pEe-TgdtVqXA5","0000 0000 5448 7089","Q441950","0000 0000 5448 7089"
"ElsaNyblom","AV3KwWw6DqWJ2eBq92lu","0000 0000 5274 2090","Q4970522","0000 0000 5274 2090"
"HelenaAugustaNyblom","AWGKH9m3jP4rR07fm3FG","0000 0000 5526 1401","Q4970525","0000 0000 5526 1401"
"VeronicaNygren","AWFlLQ2pWxymAE2pjn1j","0000 0004 4772 3396","Q4970554","0000 0004 4772 3396"
"HildurNygren","AWGKr5E5WxymAE2pjn4c","","Q4970543",""
"AnnaMajaNylen","AWDk7Ld9jP4rR07fm23V","0000 0000 8444 8080","Q4970585","0000 0000 8444 8080"
"LenaNyman","AV8UvHnJjP4rR07fm2nr","0000 0001 1445 3666","Q255967","0000 0001 1445 3666"
"JennyNystrom","AVygID106HF5HgpJZ2y_","0000 0000 7689 4750","Q3100592","0000 0000 7689 4750"
"BirgittaOden","AWEDRVoDWxymAE2pjnyo","","Q4970779","0000 0001 0463 2783"
"EllaOdstedt","AWFrZ0HIWxymAE2pjn2T","0000 0000 5191 7776","Q16596006","0000 0000 5191 7776"
"ValborgOlander","AV9x1B61jP4rR07fm2rS","0000 0000 5244 2493","Q4970887","0000 0000 5244 2493"
"ElsaOlenius","AV9xcVpTWxymAE2pjnoO","0000 0000 5160 5510","Q4970914","0000 0000 5160 5510"
"RosalieOlivecrona","AV97sS1xWxymAE2pjnov","0000 0000 5560 9797","Q4970956","0000 0000 5560 9797"
"EvaOlliwier","AV8KnM8-WxymAE2pjnl9","","Q3362808",""
"ElisabethLisbethaOlofsdotter","AWFWJ77yWxymAE2pjn1a","","Q4971042",""
"IngelaOlofsdotterGathenhielm","AWA1xXiDWxymAE2pjnue","","Q4949622",""
"BritaOlofsdotterTott","AV-ghq6lWxymAE2pjnp9","","Q4969202",""
"AugustaGeorginaCeciliaOlsson","AWFlyYAwjP4rR07fm2-q","","Q42780970",""
"HildaOlssonKerstinHed","AV-1i55gWxymAE2pjnql","0000 0000 5200 0898","Q4953072","0000 0000 5200 0898"
"EivorOlssonLagman","AV8KfbzkjP4rR07fm2m7","","Q5350075",""
"MariaOsberg","AWFRq4kijP4rR07fm27M","","Q50512433",""
"JeannaOterdahl","AVlo0DrZEe-TgdtVqW_F","0000 0001 2121 0179","Q4971468","0000 0001 2121 0179"
"HildurOttelin","AVuK4T2-i-B3PHNCX9Uk","","Q4971483",""
"EliseOttesenJensen","AVwa7J3l6HF5HgpJZ2yD","0000 0000 8019 1214","Q3355468","0000 0000 8019 1214"
"HannaOuchterlony","AVxYA7CM6HF5HgpJZ2yc","","Q4971537",""
"ChristianaOxenstierna","AWFRtlUgWxymAE2pjn1T","0000 0000 5198 6341","Q4971580","0000 0000 5198 6341"
"EvaMagdalenaOxenstierna","AWFQffm6jP4rR07fm269","","Q26240160",""
"FredriquePaijkull","AVsUbfnei-B3PHNCX9SO","0000 0000 5195 813X","Q15630257","0000 0000 5195 813X"
"ValfridPalmgrenMunchPetersen","AVzjMrtRi-B3PHNCX9X3","0000 0000 8119 0926","Q4971784","0000 0000 8119 0926"
"GunhildPalmqvist","AV5bO3H0DqWJ2eBq92oV","","Q4971796",""
"EllenPalmstierna","AV97yP9bjP4rR07fm2sH","","Q4971803",""
"UlricaFredricaPasch","AVr1MOrSi-B3PHNCX9SD","0000 0001 0677 6967","Q276459","0000 0001 0677 6967"
"EbbaPauli","AVrxJwEu6HF5HgpJZ2vJ","0000 0000 5191 5180","Q4972095","0000 0000 5191 5180"
"EmerentiaPauli","AWFRUeJtjP4rR07fm27I","","Q4972098",""
"HannaPauli","AWEDaoD7jP4rR07fm24a","0000 0000 8354 5196","Q436803","0000 0000 8354 5196"
"StefiPedersen","AVyMLsea6HF5HgpJZ2y9","","Q50846445","0000 0003 7794 8716"
"ElnaPehrsson","AVqkI0Q6Ee-TgdtVqXA3","","Q50876681",""
"AmandaBeatrizPeralta","AWFvWoKQjP4rR07fm3Ak","0000 0000 5176 5354","Q21480900","0000 0000 5176 5354"
"IngridPersson","AWBGTkGmjP4rR07fm20B","","Q4972531",""
"LenaPersson","AWEjCPRyWxymAE2pjnz8","0000 0000 5061 8504","Q50804832","0000 0000 5061 8504"
"EmiliePetersen","AV_Z8FXdjP4rR07fm2wb","","Q4972612",""
"LouisePetrenOverton","AWEoTfu0WxymAE2pjn0L","","Q4972667",""
"AlmaPetri","AVxdNYdqi-B3PHNCX9XS","","Q19976935",""
"LauraPetri","AVxdeysti-B3PHNCX9XT","0000 0001 2023 6537","Q18613113","0000 0001 2023 6537"
"KristinaPetri","AWArOflcWxymAE2pjnt6","","Q50874004",""
"GulliPetrini","AV3u2WoQi-B3PHNCX9Zj","","Q4972683",""
"AnnaPetrusLyttkens","AWHCBu-LjP4rR07fm3Ql","0000 0000 7737 5995","Q4972692","0000 0000 7737 5995"
"HjordisPetterson","AV9705iXjP4rR07fm2sJ","0000 0000 5384 8938","Q1799026","0000 0000 5384 8938"
"AnnaPettersson","AV9xhC5AWxymAE2pjnoP","","Q50801614",""
"AstridPettersson","AWEoR5D4WxymAE2pjn0K","0000 0000 5186 1354","Q4972717","0000 0000 5186 1354"
"BettyPettersson","AV9xkxH0WxymAE2pjnoQ","","Q4898950",""
"GotaPettersson","AV8KRNxCWxymAE2pjnl8","","Q3365440",""
"SaraPfeiffer","AVxnZfvH6HF5HgpJZ2ym","0000 0004 3985 1953","Q4972809","0000 0004 3985 1953"
"ElinPikkuniemi","AWEI-drajP4rR07fm24x","","Q4972943",""
"EvaPineus","AWEjLX4FWxymAE2pjnz9","","Q50598829",""
"ChristinaPiper","AWDk_BqlWxymAE2pjnxt","0000 0001 2117 7794","Q4972997","0000 0001 2117 7794"
"StinaPiper","AWDlhY8DWxymAE2pjnxv","","Q4973002",""
"AugustaPlagemann","AVrSS5Z6i-B3PHNCX9R0","","Q42178154",""
"AmaliaPlanck","AWEeboffWxymAE2pjnzw","","Q50804898",""
"GerdaPlantingGyllenbaga","AWHBvfVkjP4rR07fm3Qc","","Q4973072",""
"HenricaCarolinavonPlaten","AWFwFwNXWxymAE2pjn21","","Q16616025",""
"MimiPollak","AV979EpEWxymAE2pjno0","0000 0000 2458 4566","Q915034","0000 0000 2458 4566"
"AmeliePosse","AVxZNxlW6HF5HgpJZ2yi","0000 0000 7329 5373","Q4742326","0000 0000 7329 5373"
"SigridPosse","AV6jG9lHWxymAE2pjnlt","","Q50938098",""
"AnnaPreinitz","AWArcIJ0jP4rR07fm2zB","","Q50804810",""
"KarolaPalsson","AV6jsAETWxymAE2pjnlu","","Q20156178",""
"StinaQuint","AV9cg0Y2jP4rR07fm2qv","0000 0000 5487 6252","Q4973779","0000 0000 5487 6252"
"AuroravonQvanten","AWFv7UtfWxymAE2pjn2w","","Q16596123","0000 0004 3982 9828"
"MagdalenaRahm","AV9c0FSXWxymAE2pjnn9","","Q4973919",""
"SylviaMarieLouiseRamnefalk","AWGJL7rEjP4rR07fm3E9","0000 0000 8442 6033","Q4973981","0000 0000 8442 6033"
"EbbaRamsay","AVvITPy8i-B3PHNCX9Ve","0000 0000 5375 5045","Q4973995","0000 0000 5375 5045"
"SaraRantaRonnlund","AWEi_tuDjP4rR07fm25q","0000 0000 6328 0450","Q4974055","0000 0000 6328 0450"
"EmmyRappe","AV6oZNy8WxymAE2pjnlv","0000 0000 8200 8794","Q4390024","0000 0000 8200 8794"
"ThorborgRappe","AWFHr2v6WxymAE2pjn0z","","Q4974085",""
"EmilieRathou","AVmr017w7hONWjeN9oCA","","Q4974163","0000 0000 5303 1792"
"SiriRathsman","AWFq032pWxymAE2pjn2J","","Q28840687",""
"AmaliaRedec","AV6opCZ2jP4rR07fm2i5","","Q45291626",""
"MartaHelenaReenstiernaArstafrun","AVyICCkDi-B3PHNCX9Xp","0000 0000 8252 7981","Q517853","0000 0000 8252 7981"
"EvaRemaeus","AV9dHLBnWxymAE2pjnn_","0000 0001 2963 5729","Q3373253","0000 0001 2963 5729"
"CatharinaRenaut","AVrsI64vi-B3PHNCX9R2","","Q50512401",""
"MaryReutersward","AV0rsoHpi-B3PHNCX9Yn","","Q50844098",""
"MaudReutersward","AVzPAsp3i-B3PHNCX9X2","0000 0000 6639 1105","Q4974564","0000 0000 6639 1105"
"GerdRibbing","AV0Ib2b96HF5HgpJZ2z6","0000 0000 5377 7738","Q4974648","0000 0000 5377 7738"
"SophieRibbing","AV0IuYUG6HF5HgpJZ2z8","0000 0000 6705 8523","Q4974655","0000 0000 6705 8523"
"EbbaRichert","AVn-GFlZ7hONWjeN9oC8","","Q4974744",""
"MarianneRichter","AVrxdbw_i-B3PHNCX9SB","","Q4974748",""
"UrsulaRichter","AV63sPCvWxymAE2pjnlw","","Q4974752",""
"HedvigRinander","AWArsNK6jP4rR07fm2zF","","Q50808027",""
"EsterRingnerLundgren","AVs-VSis6HF5HgpJZ2vV","0000 0001 2211 2474","Q454629","0000 0001 2211 2474"
"EmilieCharlottaRisberg","AWFrNzKKWxymAE2pjn2Q","","Q13563726","0000 0000 5184 7851"
"AnnaRiwkinBrick","AWGZ2TDhjP4rR07fm3IX","0000 0000 8362 5313","Q563086","0000 0000 8362 5313"
"BirgitRodhe","AV4OFRerDqWJ2eBq92m7","0000 0000 6431 742X","Q4975172","0000 0000 6431 742X"
"EstridRodhe","AV-6CkKbjP4rR07fm2um","0000 0001 0677 8006","Q10489243","0000 0001 0677 8006"
"EvaRodhe","AV-6CGyNjP4rR07fm2ul","","Q4975175",""
"GertrudRodhe","AVtCnjNG6HF5HgpJZ2vc","","Q19976999",""
"FilippaRolf","AV0rWAtK6HF5HgpJZ20T","0000 0000 5151 6972","Q16946437","0000 0000 5151 6972"
"TuttaRolf","AV93peqvjP4rR07fm2ru","0000 0000 5472 9420","Q1775388","0000 0000 5472 9420"
"KatieRolfsen","AV93q8MljP4rR07fm2rw","","Q3075079",""
"AnnaMariaRoos","AV9xm2N6WxymAE2pjnoS","0000 0000 7373 8613","Q4975368","0000 0000 7373 8613"
"MathildaRoos","AVmxP1Cn7hONWjeN9oCG","0000 0001 0676 400X","Q4975387","0000 0001 0676 400X"
"MargaretaElisabethRoos","AWFVx5tvjP4rR07fm272","","Q4975383",""
"EllenRoosvalvonHallwyl","AVrNWVBMi-B3PHNCX9Rw","0000 0001 0399 6251","Q4952238","0000 0001 0399 6251"
"AnnaBirgittaRooth","AV_fTfvOjP4rR07fm2w0","0000 0001 0870 8538","Q16596197","0000 0001 0870 8538"
"MaryvonRosen","AWDlqJjQWxymAE2pjnxw","","Q3296276",""
"GotaRosen","AV-2M_UaWxymAE2pjnqq","0000 0000 5394 8066","Q4975451","0000 0000 5394 8066"
"KarolinaMatildaGunhildRosen","AWFlwVBbjP4rR07fm2-o","","Q4975448",""
"BeataRosenhane","AWFAy17UWxymAE2pjn0f","0000 0000 4491 8658","Q15713810","0000 0000 4491 8658"
"LenkeRothman","AWFWFthdWxymAE2pjn1Y","0000 0000 7819 5451","Q1251184","0000 0000 7819 5451"
"SigridHilmaSofiaRudebeck","AWFvKc7OjP4rR07fm3Ae","","Q4975810",""
"MagdalenaRudenschold","AV-Wr16djP4rR07fm2tE","0000 0000 5196 8979","Q4975813","0000 0000 5196 8979"
"SifRuud","AV93t0ncWxymAE2pjnoq","0000 0001 1491 6085","Q4346227","0000 0001 1491 6085"
"EllenRydelius","AVl5S2wREe-TgdtVqW_G","0000 0000 5485 5769","Q4976087","0000 0000 5485 5769"
"HannaRydh","AWEddFqfjP4rR07fm25L","0000 0000 5435 0357","Q517947","0000 0000 5435 0357"
"ViranRydkvist","AV-ad75sjP4rR07fm2tJ","","Q4976143",""
"ElsiRydsjo","AWAr2UDDWxymAE2pjnt_","0000 0000 6321 7101","Q4976163","0000 0000 6321 7101"
"AnnaRydstedt","AV3l8qQFDqWJ2eBq92mH","0000 0000 5385 4705","Q4976166","0000 0000 5385 4705"
"MariaRohl","AWEDhWrsjP4rR07fm24b","0000 0000 7103 1286","Q3307830","0000 0000 7103 1286"
"SolveigRonnChristiansson","AWFH44X9WxymAE2pjn03","","Q1448829",""
"AgdaRossel","AV7weVvpjP4rR07fm2mS","","Q4691675",""
"HildaSachs","AVqopuU77hONWjeN9oDn","","Q4976415",""
"NellySachs","AVwVUCqy6HF5HgpJZ2xw","0000 0001 2138 6844","Q57074","0000 0001 2138 6844"
"SophieSager","AV93w89OWxymAE2pjnos","","Q4976451",""
"NaimaSahlbom","AWHCSOD0WxymAE2pjn8J","","Q4976473",""
"BirgittaSahlgren","AWFV8n6IWxymAE2pjn1W","","Q16285614",""
"MargitSahlin","AWBJo334WxymAE2pjnu9","0000 0001 1950 387X","Q4976492","0000 0001 1950 387X"
"IngridSamuelssonForsen","AVdB_vPUUc4E-N8JPwt2","","Q19246513",""
"IngridSandahl","AV9xshKmWxymAE2pjnoU","","Q2612894",""
"AlvidaSandberg","AV972C80jP4rR07fm2sK","","Q50812983",""
"HildurSandberg","AVnQsTBsEe-TgdtVqW__","","Q4976796",""
"SuzanneSandberg","AVs9lHMki-B3PHNCX9Sy","","Q22133288",""
"VeraSandberg","AWEDkKK1jP4rR07fm24c","","Q4976815","0000 0000 1218 5656"
"MariaSandel","AV9sGgqZWxymAE2pjnoD","0000 0001 3725 1661","Q4976841","0000 0000 5196 8258"
"LinaSandellBerg","AVdBnmZa7hONWjeN9n9y","0000 0000 5471 6646","Q457339","0000 0000 5471 6646"
"AnnaSandstrom","AV-aj2J2WxymAE2pjnpv","0000 0000 7737 0641","Q4976947","0000 0000 7737 0641"
"ToraSandstrom","AVrwjeKbi-B3PHNCX9R8","0000 0000 1382 1423","Q38156638","0000 0000 1382 1423"
"MariaSandstrom","AV98DI5RWxymAE2pjno3","","Q50804754",""
"MarthaSandwallBergstrom","AWGZPDe2WxymAE2pjn5t","0000 0001 1062 0017","Q4976968","0000 0001 1062 0017"
"NinnanSantesson","AVz3sWeJ6HF5HgpJZ2zo","","Q4976986",""
"IngeborgSchager","AV6Y4QrIjP4rR07fm2iH","","Q16596290",""
"DaisySchalling","AWEDmVWNjP4rR07fm24d","0000 0000 4386 9647","Q16596293","0000 0000 4386 9647"
"MajaSchmidt","AWEDrJ99jP4rR07fm24e","","Q50763948",""
"IngridSchrewelius","AWFlj1HRWxymAE2pjn1q","0000 0000 5376 753X","Q4977550","0000 0000 5376 753X"
"AnnaCharlottaSchroderheim","AWFVtpbTjP4rR07fm271","","Q4766913",""
"LiaSchubert","AVqpmqaB7hONWjeN9oDq","","Q4977579",""
"KarinSchultz","AWEdbmrOWxymAE2pjnzm","","Q50804791",""
"MarieSophieSchwartz","AVzzI6Nyi-B3PHNCX9YA","0000 0000 5541 1588","Q4977660","0000 0000 5541 1588"
"MargvonSchwerin","AV-anogVWxymAE2pjnpw","","Q50804821",""
"MartinavonSchwerin","AVjOjJdE7hONWjeN9oBP","0000 0000 5058 8173","Q4977687","0000 0000 5058 8173"
"AmySegerstedt","AV6egBz5jP4rR07fm2if","","Q16596333",""
"IngridSegerstedtWiberg","AV-6BAfuWxymAE2pjnq1","0000 0003 8168 9956","Q3379728","0000 0003 8168 9956"
"VivekaSeldahl","AV7CZL-nWxymAE2pjnlz","0000 0000 5248 1249","Q3427867","0000 0000 5248 1249"
"HedwigSidner","AVvSFzWKi-B3PHNCX9Vr","","Q18245758",""
"AmandaSidwall","AV_aGxLSjP4rR07fm2we","0000 0000 5365 9854","Q4978495","0000 0000 5365 9854"
"GertrudSigurdsen","AWAr6Jg2jP4rR07fm2zH","0000 0000 3805 3088","Q4978577","0000 0000 3805 3088"
"MallaSilfverstolpe","AVs-pSjOi-B3PHNCX9TI","0000 0000 5099 1149","Q546949","0000 0000 5099 1149"
"MariSimmulson","AWFQuWFCWxymAE2pjn1K","","Q4978657",""
"AnnaSissakBardizbanian","AWEeQEL7WxymAE2pjnzv","","Q21484046",""
"KarolinaSjalander","AVxnokmh6HF5HgpJZ2yn","","Q50680558",""
"HenrietteSjoberg","AWBPhmGXWxymAE2pjnvR","","Q23989411",""
"JosabethSjoberg","AV-ap14hjP4rR07fm2tL","0000 0000 5178 159X","Q4978878","0000 0000 5178 159X"
"AliceBabsSjoblom","AWAMTRt6WxymAE2pjns9","0000 0000 6639 3477","Q256809","0000 0000 6639 3477"
"UllaSjoblom","AWEDuFhkWxymAE2pjnyu","0000 0003 7183 8532","Q4978900","0000 0003 7183 8532"
"AnnaSjodahl","AWEDv1_xWxymAE2pjnyv","0000 0003 8354 2261","Q4978903","0000 0003 8354 2261"
"DicteSjogren","AWEDyAsGjP4rR07fm24f","","Q18245813",""
"RosalieSofieSjoman","AWFl2_o6WxymAE2pjn1x","0000 0003 6961 2016","Q18245828","0000 0003 6961 2016"
"IngeborgSjoqvist","AV6326WYjP4rR07fm2jD","","Q543295",""
"LalaSjoqvist","AV-cdssuWxymAE2pjnp1","","Q3378645",""
"MajaSjostrom","AV-cgVUkjP4rR07fm2tU","0000 0004 0010 1979","Q4979000","0000 0004 0010 1979"
"WilhelminaSkogh","AV84i97SjP4rR07fm2pa","0000 0000 5381 4690","Q4979125","0000 0000 5381 4690"
"AlexandraSkoglund","AWED1FSwWxymAE2pjnyw","","Q4979129","0000 0001 0915 0425"
"AnnaSkytte","AWED3rSmWxymAE2pjnyy","","Q4504908",""
"VendelaSkytte","AWFV-1qfWxymAE2pjn1X","0000 0000 5198 8160","Q4979201","0000 0000 5198 8160"
"EvaSkold","AV_aJXgAWxymAE2pjnrx","","Q4979225",""
"MargaretaSlots","AV2ci8ef6HF5HgpJZ20b","","Q4979257",""
"JuliavonSneidern","AWEeFi7gjP4rR07fm25U","","Q4958818",""
"SofiaAlbertinaprinsessa","AV_fAB4GjP4rR07fm2wz","0000 0000 5490 9579","Q261929","0000 0000 5490 9579"
"Sofiadrottning","AV_j0YmyjP4rR07fm2w6","0000 0003 9012 2257","Q130408","0000 0003 9012 2257"
"SofiaMagdalenadrottning","AWHSJaCfjP4rR07fm3Tp","0000 0000 5483 6170","Q234311","0000 0000 5483 6170"
"AnnaEvaElisabetSparre","AWF1M0xJWxymAE2pjn3a","0000 0000 5051 6145","Q4979782","0000 0000 5051 6145"
"BeataSparre","AWFQ9n_dWxymAE2pjn1O","","Q15731617",""
"BeritSpong","AWED7Ab_jP4rR07fm24h","0000 0000 8354 8469","Q4979854","0000 0000 8354 8469"
"BarbroHeleneSprinchorn","AWHB7gf9jP4rR07fm3Qj","0000 0000 5485 3149","Q43261880","0000 0000 5485 3149"
"GerdaSprinchorn","AV48w5N9DqWJ2eBq92n2","","Q20156198",""
"BirgitSpangberg","AWAH9_Y3WxymAE2pjns3","","Q50680760",""
"EvaSpangberg","AWGysnDCjP4rR07fm3NF","0000 0000 5379 9363","Q4979884","0000 0000 5379 9363"
"IngegerdStadener","AV-cjCPPjP4rR07fm2tV","0000 0003 8720 0015","Q4979923","0000 0003 8720 0015"
"MathildaStaelvonHolstein","AWED8hDejP4rR07fm24i","0000 0003 9231 8827","Q4979935","0000 0003 9231 8827"
"VeraStarckRomanus","AV-6AF1oWxymAE2pjnqz","0000 0000 5376 3299","Q50680702","0000 0000 5376 3299"
"VivekaStarfelt","AVn5Nn1SEe-TgdtVqXAb","0000 0000 6423 8000","Q4989780","0000 0000 6423 8000"
"AnnaStecksen","AVwatQOy6HF5HgpJZ2x_","0000 0003 8442 7847","Q4767508","0000 0003 8442 7847"
"FridaSteenhoff","AVuKXwOG6HF5HgpJZ2v6","0000 0001 1933 8894","Q4980157","0000 0001 1933 8894"
"MartaStenbeck","AWEEjBXajP4rR07fm24j","","Q50680692",""
"AnnaStenberg","AV0cJRZj6HF5HgpJZ20I","","Q4980230",""
"BirgittaStenberg","AWBJwMtpjP4rR07fm20E","0000 0000 5181 0063","Q4980239","0000 0000 5181 0063"
"UllaStenberg","AVr2Jiof6HF5HgpJZ2vK","","Q4980268",""
"MariaKatrinaKarinStenberg","AWFqLWFbjP4rR07fm2_a","0000 0000 5383 1941","Q4989785","0000 0000 5383 1941"
"StinaStenhagen","AV0b4MRs6HF5HgpJZ20G","0000 0000 6320 3498","Q4980306","0000 0000 6320 3498"
"ElsaStenhammar","AWEElzI5jP4rR07fm24k","0000 0000 5202 3192","Q4980310","0000 0000 5202 3192"
"MariaStenkula","AVvshJsji-B3PHNCX9V1","","Q16596421",""
"ElsaStenudd","AWEEmq-ljP4rR07fm24l","","Q50660030",""
"AnnaSterky","AV3vJImLDqWJ2eBq92mV","0000 0000 5151 1610","Q4767510","0000 0000 5151 1610"
"MarikaStiernstedt","AWBKSw2BjP4rR07fm20J","0000 0001 0872 5530","Q4980514","0000 0001 0872 5530"
"KarinStjernholmRder","AV-ftMwIjP4rR07fm2tW","0000 0000 9468 9777","Q4980538","0000 0000 9468 9777"
"RuthStjernstedt","AV8UgPybjP4rR07fm2no","0000 0000 5266 3413","Q4980550","0000 0000 5266 3413"
"GustiStridsberg","AWFGxlIAWxymAE2pjn0x","0000 0000 7257 0425","Q517796","0000 0000 7257 0425"
"UlrikaStromfelt","AV8zYp64jP4rR07fm2pF","","Q4989818",""
"AnnaMargaretaAnnaGretaStahle","AWFltehCjP4rR07fm2-n","0000 0000 5318 9565","Q19803539","0000 0000 5318 9565"
"BirgitStahlNyberg","AWAsOajBjP4rR07fm2zJ","","Q4989823",""
"CarolinaWilhelminaStahlberg","AWFv-FqpjP4rR07fm3As","0000 0003 8199 7553","Q4981102","0000 0003 8199 7553"
"UlrikaEleonoraStalhammar","AWG9aAvWWxymAE2pjn7x","","Q4981107",""
"MargaretaSuber","AVtCxNaN6HF5HgpJZ2vd","0000 0000 5670 1050","Q4981124","0000 0000 5670 1050"
"StinaSundberg","AVth_hiK6HF5HgpJZ2vi","","Q4981215",""
"AlmaSundquist","AWEdnCh9WxymAE2pjnzo","0000 0004 4877 550X","Q15734590","0000 0004 4877 550X"
"BirgittaSvanberg","AWBK4EGRWxymAE2pjnvD","0000 0001 1856 0864","Q4981371","0000 0001 1856 0864"
"NannaSvartz","AWEdo9mDjP4rR07fm25R","0000 0000 3252 6710","Q4981402","0000 0000 3252 6710"
"HilmaSvedal","AV-fxqwcjP4rR07fm2tX","0000 0001 1303 9594","Q4981407","0000 0001 1303 9594"
"HertaSvenson","AVwQyVOm6HF5HgpJZ2xm","","Q4981512",""
"WilhelminaSvensson","AWEyMeGGWxymAE2pjn0Z","","Q50680643",""
"ElinTeresiaAndreaSvensson","AWF_Rgq3WxymAE2pjn3w","","Q50804221",""
"ValborgSvensson","AV0HknuZi-B3PHNCX9YJ","","Q50801709",""
"InezSvensson","AWFBCZsWWxymAE2pjn0j","0000 0000 7844 2977","Q4981514","0000 0000 7844 2977"
"GardaSvensson","AWFH7s0qjP4rR07fm26x","","Q4981510",""
"RuthSvensson","AV9xbHhKjP4rR07fm2rL","0000 0000 6322 4918","Q16596529","0000 0000 6322 4918"
"SofiaSvensson","AV8uiu9dWxymAE2pjnmy","","Q4981543",""
"TeklaSwedlund","AVyBtWLu6HF5HgpJZ2yx","","Q50560225",""
"ViviSylwan","AWExzdn6jP4rR07fm26K","0000 0000 8347 6741","Q23989149","0000 0000 8347 6741"
"AnnaSarstrom","AVr1g6oSi-B3PHNCX9SE","","Q50680607",""
"KarinSoder","AWAsHQXtWxymAE2pjnuD","0000 0000 1990 3921","Q468538","0000 0000 1990 3921"
"AnnaSoderblom","AV_tJSA6WxymAE2pjnsk","0000 0000 1940 5869","Q19976178","0000 0000 1940 5869"
"MargitSoderholm","AV_e9AulWxymAE2pjnsC","0000 0000 6317 6928","Q4981822","0000 0000 6317 6928"
"ElisabethSoderstrom","AV_s6HNUWxymAE2pjnsi","0000 0001 1038 8182","Q269242","0000 0001 1038 8182"
"AnnaSorensen","AV_ej2orWxymAE2pjnr8","","Q50680597",""
"KatarinaTaikon","AWBZk7TEWxymAE2pjnvZ","0000 0000 8411 6166","Q466523","0000 0000 8411 6166"
"RosaTaikon","AWEEs603WxymAE2pjny4","0000 0000 7871 8398","Q4981944","0000 0000 7871 8398"
"AlfhildTamm","AVxik7k_i-B3PHNCX9XW","","Q302106",""
"ElisabethTamm","AWFRA-nBWxymAE2pjn1P","0000 0000 5484 1981","Q4981979","0000 0000 5484 1981"
"AstriTaube","AWEJaXAgjP4rR07fm241","0000 0000 7695 2199","Q4811407","0000 0000 7695 2199"
"GunhildTegen","AWFR2YbWjP4rR07fm27O","0000 0000 6322 8644","Q4982233","0000 0000 6322 8644"
"BirgitTengroth","AWEEu4gxjP4rR07fm24m","0000 0000 5393 4350","Q803937","0000 0000 5393 4350"
"ElnaTenow","AV-f8sGzWxymAE2pjnp4","0000 0003 6554 9750","Q16596571","0000 0003 6554 9750"
"Teresiaprinsessa","AV_jyy2PWxymAE2pjnsL","","Q61911",""
"IngaThelander","AWHCWcK1jP4rR07fm3Qr","","Q50512452",""
"AnnaMariaThelott","AVsURNcci-B3PHNCX9SN","","Q3307858",""
"EbbaTheorinKolare","AV3vcm57DqWJ2eBq92mb","0000 0000 5473 9020","Q50512443","0000 0000 5473 9020"
"LisaThomassonLappLisa","AV99QbO6WxymAE2pjnpC","","Q4982558",""
"IdaThoresen","AVyHP-joi-B3PHNCX9Xi","","Q16596588",""
"WalborgThorsell","AV-gcQaiWxymAE2pjnp7","0000 0000 8223 9760","Q4982675","0000 0000 8223 9760"
"IngaThorsson","AV30B49VDqWJ2eBq92mj","0000 0001 1037 4303","Q4982683","0000 0001 1037 4303"
"KerstinThorvall","AV_i-v-bWxymAE2pjnsH","0000 0000 8185 2168","Q457009","0000 0000 8185 2168"
"BirgitSparre","AV-6AicKWxymAE2pjnq0","0000 0001 1827 6388","Q4979784","0000 0001 1827 6388"
"ElsaHarrietThulin","AWGJOQJkjP4rR07fm3E-","0000 0000 7140 429X","Q4982702","0000 0000 7140 429X"
"IngridThulin","AWEIJ1rJWxymAE2pjny9","0000 0001 1468 1634","Q233732","0000 0001 1468 1634"
"AnneMarieThunberg","AWEIVT_eWxymAE2pjny_","0000 0000 8452 9796","Q37016101","0000 0000 8452 9796"
"NellyThuring","AV9sjsm4WxymAE2pjnoH","","Q4982770",""
"IngaTidblad","AWBLSU3cWxymAE2pjnvI","0000 0000 5943 4082","Q3136833","0000 0000 5943 4082"
"UllaTillander","AWBPjZ_hjP4rR07fm20e","","Q4982841",""
"YingToijerNilsson","AV64HcgKWxymAE2pjnlx","0000 0000 8350 6410","Q4983037","0000 0000 8350 6410"
"UllaTorpe","AWFrAsFtjP4rR07fm2_l","0000 0000 5393 9178","Q4983176","0000 0000 5393 9178"
"GiselaTrapp","AWBQNDnNjP4rR07fm20i","","Q4983290",""
"IngegerdTroedsson","AV4Ivlb-i-B3PHNCX9Zw","0000 0000 5152 8965","Q517762","0000 0000 5152 8965"
"BirgittaTrotzig","AVuFcIud6HF5HgpJZ2v1","0000 0001 2103 9391","Q259238","0000 0001 2103 9391"
"EllenTrotzig","AV6EkpJsjP4rR07fm2iG","0000 0000 5133 6146","Q4983437","0000 0000 5133 6146"
"GotaTragardh","AV-2SZJbWxymAE2pjnqr","","Q4983474",""
"ViviTackholm","AV19wzjF6HF5HgpJZ20Z","0000 0001 2211 5405","Q4983741","0000 0001 2211 5405"
"HjordisTopel","AV8uUNcojP4rR07fm2op","","Q1770551",""
"CatharinaChristinaUdden","AWEIXD2-jP4rR07fm24o","","Q4946172",""
"LouiseUlfhielm","AWEIcykpWxymAE2pjnzA","0000 0000 1559 7330","Q19976182","0000 0000 1559 7330"
"HedvigUlfsparre","AVvNEUJl6HF5HgpJZ2wN","0000 0000 5485 3771","Q4983944","0000 0000 5485 3771"
"CarinUlin","AVr1yLWji-B3PHNCX9SF","0000 0003 8411 5317","Q50512436","0000 0003 8411 5317"
"UlrikaEleonoradydrottning","AWFQwschWxymAE2pjn1L","0000 0000 5106 4507","Q52933","0000 0000 5106 4507"
"EdithUnnerstad","AV500ql1DqWJ2eBq92or","0000 0001 0855 7776","Q4984055","0000 0001 0855 7776"
"GunnelVallquist","AWAwB6MoWxymAE2pjnuJ","0000 0000 5303 6761","Q442031","0000 0000 5303 6761"
"IngridVangNyman","AV5v0WGLi-B3PHNCX9bC","0000 0000 8156 6495","Q446436","0000 0000 8156 6495"
"SigneVessman","AWFLs7YKjP4rR07fm26z","0000 0000 5448 657X","Q4984496","0000 0000 5448 657X"
"AnnaLisaVinberg","AV-gr73eWxymAE2pjnp-","","Q50512432",""
"DisaVastberg","AV6Tr-y8WxymAE2pjnlr","0000 0000 5486 5078","Q4984930","0000 0000 5486 5078"
"BrittWadner","AV-g8v2yjP4rR07fm2tk","","Q4990051",""
"TyraWadner","AWEIhEPpWxymAE2pjnzB","","Q50512397",""
"MargaretaWadstein","AV_kKymejP4rR07fm2w_","0000 0000 5141 7034","Q50512427","0000 0000 5141 7034"
"MarianneWahlberg","AV5QsstcDqWJ2eBq92oD","","Q4990079",""
"AnnaWahlenberg","AVnV5XFT7hONWjeN9oCf","0000 0000 8239 8227","Q4990085","0000 0000 8239 8227"
"LydiaWahlstrom","AV3p525ZDqWJ2eBq92mK","","Q4990100","0000 0001 0966 715X"
"NellWalden","AVw0a4_9i-B3PHNCX9W2","0000 0000 4213 7380","Q13581087","0000 0000 4213 7380"
"IngeborgWalin","AVvsztJQ6HF5HgpJZ2w3","","Q16616041",""
"IngridWallberg","AWFlSSeDjP4rR07fm2-c","","Q4990121",""
"CatharinaWallenstedt","AWFmqxG2WxymAE2pjn15","0000 0000 3470 6678","Q15295215","0000 0000 3470 6678"
"GunvorWallin","AV30tmqIi-B3PHNCX9Zr","0000 0000 6323 7890","Q33043897","0000 0000 6323 7890"
"AnnaWarburg","AV3kq53PDqWJ2eBq92mA","0000 0000 6323 0103","Q20979864","0000 0000 6323 0103"
"AnnaChristinaWarg","AWFmkC79WxymAE2pjn12","0000 0000 5338 3229","Q730516","0000 0000 5338 3229"
"IngerWedborn","AWBQTAaxWxymAE2pjnvU","","Q50512434",""
"AnnaCatharinaWefwerstedt","AV-g_zR_jP4rR07fm2tl","","Q16596432",""
"BerthaWellin","AV0H74f36HF5HgpJZ2z0","0000 0000 3729 6344","Q4895524","0000 0000 3729 6344"
"WilhelminaWendt","AVmr02Ke7hONWjeN9oCB","","Q22086093",""
"AnnaWestberg","AWEoLe_cjP4rR07fm255","0000 0000 8081 8638","Q4767608","0000 0000 8081 8638"
"EllenWester","AWEImXsbWxymAE2pjnzC","0000 0001 0980 8418","Q4990349","0000 0001 0980 8418"
"HelenaWesterlund","AV-A54iWWxymAE2pjnpM","","Q50512400",""
"IngeborgMarianneWestman","AWGJdEuDjP4rR07fm3FB","","Q4990398",""
"KarinBirgittaWestmanBerg","AWFRLSDXjP4rR07fm27G","0000 0000 8318 4941","Q4990395","0000 0000 8318 4941"
"JosefinaWettergrund","AVmtMF5s7hONWjeN9oCE","","Q4990400",""
"AnnaWhitlock","AV689QFvWxymAE2pjnly","","Q4767613",""
"AnneWibble","AV4oHq3Hi-B3PHNCX9aB","0000 0000 5171 5824","Q273408","0000 0000 5171 5824"
"AnnaGretaWide","AVjecpmtEe-TgdtVqW-r","0000 0000 5106 6190","Q4990447","0000 0000 5106 6190"
"HenrietteWiderberg","AWF0bkEXjP4rR07fm3Bq","0000 0000 5132 7610","Q4990467","0000 0000 5132 7610"
"KarolinaWiderstrom","AV9XiVRyjP4rR07fm2qX","0000 0000 5273 5042","Q4110625","0000 0000 5273 5042"
"HenrikaWidmark","AV30VV_ti-B3PHNCX9Zn","","Q18649250",""
"UlricaWidstrom","AV-hDTX7jP4rR07fm2tn","0000 0000 6609 0134","Q4990478","0000 0000 6609 0134"
"AinaWifalk","AV8pbkrzWxymAE2pjnmm","","Q18274917",""
"NaimaWifstrand","AWEIqYj2jP4rR07fm24r","0000 0001 0975 1546","Q446668","0000 0001 0975 1546"
"SonjaWigert","AWFBY5n5WxymAE2pjn0l","0000 0000 3765 7699","Q964609","0000 0000 3765 7699"
"EvaWigstrom","AWFllzI-jP4rR07fm2-l","0000 0000 8222 9626","Q4990504","0000 0000 8222 9626"
"CarolineWijk","AVufkNJPi-B3PHNCX9U8","","Q50512430",""
"IngeborgWikander","AV1zwahDi-B3PHNCX9Yq","0000 0000 5061 5637","Q50512429","0000 0000 5061 5637"
"AnnaWikstrom","AV-hGycMWxymAE2pjnqA","","Q50804737",""
"SophiaWilkens","AWFAq3gijP4rR07fm26V","","Q16616123",""
"MariaWine","AWEIslrjWxymAE2pjnzD","0000 0001 0874 773X","Q468597","0000 0001 0874 773X"
"EvaWinther","AV5Q8ozTDqWJ2eBq92oG","","Q4990642",""
"HertaWiren","AWGaDaGpWxymAE2pjn5z","0000 0000 5191 7514","Q4990649","0000 0000 5191 7514"
"ElisabetWisenJobs","AV-hJ-KrWxymAE2pjnqB","","Q27654751",""
"GunillaWolde","AWF0loCTWxymAE2pjn3K","0000 0001 2321 5870","Q4990686","0000 0001 2321 5870"
"BirgittaWolf","AWFQZ8cdWxymAE2pjn1H","0000 0003 9819 4343","Q865398","0000 0003 9819 4343"
"EmmaWretlind","AWAwMf1gWxymAE2pjnuK","","Q50512405",""
"GunnWallgren","AWEIki6ujP4rR07fm24p","0000 0000 5338 6657","Q455358","0000 0000 5338 6657"
"ElinWagner","AVrSakXB6HF5HgpJZ2vF","0000 0001 0905 9939","Q270468","0000 0001 0905 9939"
"RiaWagner","AV3f_7PRDqWJ2eBq92l_","0000 0000 5181 3299","Q4990759","0000 0000 5181 3299"
"AnnaLisaWarnlof","AV_80bLlWxymAE2pjnsp","0000 0003 7976 0274","Q561698","0000 0003 7976 0274"
"CharlotteYhlenOlsen","AWAwTYOkWxymAE2pjnuL","","Q19977272",""
"TollieZellman","AWFBkyrgjP4rR07fm26e","","Q4990897",""
"MaiZetterling","AVtDWb2N6HF5HgpJZ2vg","0000 0001 0718 5819","Q236656","0000 0001 0718 5819"
"MonicaZetterlund","AV-hQjDojP4rR07fm2tq","0000 0000 5936 5718","Q254527","0000 0000 5936 5718"
"AnnaMariaZetterstrand","AWFmpX2FWxymAE2pjn13","0000 0000 3283 7463","Q4990920","0000 0000 3283 7463"
"LilliZickerman","AWFp_4A1jP4rR07fm2_Y","0000 0000 3228 8011","Q4990938","0000 0000 3228 8011"
"EvavonZweigbergk","AWEIv4uijP4rR07fm24t","0000 0000 5472 0215","Q4990973","0000 0000 5472 0215"
"KarinAhlin","AWEeM0VBWxymAE2pjnzu","","Q13534124",""
"LovisaAhrberg","AWFmxrbZjP4rR07fm2-t","","Q3243531",""
"AnnieAkerhielm","AV4NzKOii-B3PHNCX9Z4","0000 0001 1930 1522","Q4991040","0000 0001 1930 1522"
"AlmaAkermark","AV-5-9RQjP4rR07fm2uj","","Q23988692",""
"IngeborgAkesdotterTott","AV_9ZBxFjP4rR07fm2xn","0000 0000 4375 6263","Q3026430","0000 0000 4375 6263"
"SonjaAkesson","AVoDcyRmEe-TgdtVqXAl","0000 0000 6306 3851","Q455372","0000 0000 6306 3851"
"EvaAsbrink","AV8pK5_FWxymAE2pjnmi","0000 0003 7407 8065","Q4991077","0000 0003 7407 8065"
"LissieAstrom","AWAxRuF1jP4rR07fm2zT","0000 0000 5303 6454","Q50512402","0000 0000 5303 6454"
"BetzyAhlstrom","AVqJttS_7hONWjeN9oDa","","Q22812933",""
"CharlottaOberg","AWFwhT_8jP4rR07fm3A8","","Q4991091",""
"JennyOdmann","AV97oFD3jP4rR07fm2sD","","Q4991106",""
"Maryrvig","AVx3FStj6HF5HgpJZ2yq","0000 0001 1037 4805","Q4991147","0000 0001 1037 4805"
"AgdaOsterberg","AVzt2IBw6HF5HgpJZ2zd","0000 0000 5194 2285","Q4991160","0000 0000 5194 2285"
"AnnaLisaOstLappLisa","AV9X8oMlWxymAE2pjnn4","0000 0003 8358 4541","Q4991149","0000 0003 8358 4541"
"BarbroOstlihn","AWEDUXhGWxymAE2pjnyp","0000 0000 5149 5964","Q4859757","0000 0000 5149 5964"
"AgdaOstlund","AVsaKKo2i-B3PHNCX9Sm","0000 0000 5132 2174","Q4691677","0000 0000 5132 2174"
